name,url
2018年奇幻冒险《伏地魔：传人的起源》HD中英双字幕,ftp://ygdy8:ygdy8@yg72.dydytt.net:8129/[阳光电影www.ygdy8.net].伏地魔：传人的起源.HD.720p.中英双字幕.mkv
2017年高分战争《敦刻尔克》BD国英双语中英双字幕,ftp://ygdy8:ygdy8@yg45.dydytt.net:3030/[阳光电影www.ygdy8.net].敦刻尔克.BD.720p.国英双语.中英双字幕.mkv
2017年高分悬疑《看不见的客人》BD国西双语中英双字幕,ftp://ygdy8:ygdy8@yg72.dydytt.net:7028/[阳光电影www.ygdy8.net].看不见的客人.BD.720p.国语.西班牙语.中英双字幕.mkv
2017年高分剧情《再见，克里斯托弗・罗宾》BD中英双字幕,ftp://ygdy8:ygdy8@yg72.dydytt.net:8128/[阳光电影www.ygdy8.net].再见，克里斯托弗・罗宾.BD.720p.中英双字幕.mkv
2017年传记剧情《马斯顿教授与神奇女侠》BD中英双字幕,ftp://ygdy8:ygdy8@yg45.dydytt.net:6054/[阳光电影www.ygdy8.com].马斯顿教授与神奇女侠.BD.720p.中英双字幕.mkv
2017年剧情《巨额来电/反诈风暴》HD国语中字,ftp://ygdy8:ygdy8@yg72.dydytt.net:8125/[阳光电影www.ygdy8.net].巨额来电.HD.720p.国语中字.rmvb
2017年惊悚动作《斯特拉顿》BD中英双字幕,ftp://ygdy8:ygdy8@yg45.dydytt.net:3027/[阳光电影www.ygdy8.com].斯特拉顿.BD.720p.中英双字幕.mkv
2017年喜剧《猪太郎的夏天》HD国语中英双字,ftp://ygdy8:ygdy8@yg72.dydytt.net:7027/[阳光电影www.ygdy8.net].猪太郎的夏天.HD.1080p.国语中字.mkv
2017年悬疑恐怖《电锯惊魂8：竖锯》BD中英双字幕,ftp://ygdy8:ygdy8@yg90.dydytt.net:8239/[阳光电影www.ygdy8.net].电锯惊魂8：竖锯.BD.720p.中英双字幕.rmvb
2017年获奖剧情《寂静中的惊奇》BD中英双字幕,ftp://ygdy8:ygdy8@yg45.dydytt.net:6052/[阳光电影www.ygdy8.net].寂静中的惊奇.BD.720p.中英双字幕.rmvb
2017年传记剧情《马克・费尔特：扳倒白宫之人》BD中英双字幕,ftp://ygdy8:ygdy8@yg72.dydytt.net:7026/[阳光电影www.ygdy8.net].马克・费尔特：扳倒白宫之人.BD.720p.中英双字幕.mkv
2017年动作冒险《太空救援》BD俄语中字,ftp://ygdy8:ygdy8@yg45.dydytt.net:3026/[阳光电影www.ygdy8.net].太空救援.BD.720p.俄语中字.mkv
2017年高分获奖《至爱梵高・星空之谜》BD中英双字幕,ftp://ygdy8:ygdy8@yg72.dydytt.net:7024/[阳光电影www.ygdy8.net].至爱梵高・星空之谜.BD.720p.中英双字幕.mkv
2017年动作《绣春刀II：修罗战场/绣春刀2》BD国语中字,ftp://ygdy8:ygdy8@yg45.dydytt.net:3025/[阳光电影www.ygdy8.net].绣春刀II：修罗战场.BD.720p.国语中字.mkv
2017年8.4高分科幻《银翼杀手2049》BD中英双字幕,ftp://ygdy8:ygdy8@yg72.dydytt.net:8121/[阳光电影www.ygdy8.net].银翼杀手2049.BD.720p.中英双字幕.mkv
2017年悬疑动作《追捕》HD国日双语中字,ftp://ygdy8:ygdy8@yg72.dydytt.net:6022/[阳光电影www.ygdy8.net].追捕.HD.720p.国日双语中字.mkv
2017年悬疑喜剧《忌日快乐》HD中英双字幕,ftp://ygdy8:ygdy8@yg90.dydytt.net:7015/[阳光电影www.ygdy8.net].忌日快乐.HD.720p.中英双字幕.rmvb
2017年剧情《时间去哪儿了》HD中英双字幕,ftp://ygdy8:ygdy8@yg45.dydytt.net:8095/[阳光电影www.ygdy8.net].时间去哪儿了.HD.720p.中英双字幕.mkv
2017年科幻动作《全球风暴》BD中英双字幕,ftp://ygdy8:ygdy8@yg72.dydytt.net:8118/[阳光电影www.ygdy8.net].全球风暴.HD.720p.中英双字幕.rmvb
2017年高分恐怖《小丑回魂》BD中英双字幕[更新],ftp://ygdy8:ygdy8@yg90.dydytt.net:8235/[阳光电影www.ygdy8.net].小丑回魂.BD.720p.中英双字幕.mkv
2017年8.4高分科幻《银翼杀手2049》HD中英双字幕,ftp://ygdy8:ygdy8@yg72.dydytt.net:7019/[阳光电影www.ygdy8.net].银翼杀手2049.HD.720p.中英双字幕.rmvb
2017年高分纪录片《地球：神奇的一天》HD国语中字,ftp://ygdy8:ygdy8@yg72.dydytt.net:8113/[阳光电影www.ygdy8.net].地球：神奇的一天.HD.720p.国语中字.mkv
2017年科幻动作《正义联盟》HD韩版中英双字幕,ftp://ygdy8:ygdy8@yg72.dydytt.net:6018/[阳光电影www.ygdy8.net].正yi联盟.HD.720p.韩版中英双字幕.rmvb
2017年奇幻喜剧《羞羞的铁拳》HD国语中字,ftp://ygdy8:ygdy8@yg90.dydytt.net:8229/[阳光电影www.ygdy8.net].羞羞的铁拳.HD.720p.国语中字.mkv
2017年高分剧情《嘉年华》HD国语中字,ftp://ygdy8:ygdy8@yg90.dydytt.net:8227/[阳光电影www.ygdy8.net].嘉年华.HD.1080p.国语中字.mp4
2017年甄子丹刘德华动作《追龙》HD国语中字,ftp://ygdy8:ygdy8@yg72.dydytt.net:8105/[阳光电影www.ygdy8.net].追龙.HD.720p.国语中字.mkv
2017年剧情动作历史《军舰岛》BD韩语中字,ftp://ygdy8:ygdy8@yg72.dydytt.net:8104/[阳光电影www.ygdy8.net].军舰岛.BD.720p.韩语中字.mkv
2017年惊悚《常在你左右》BD国粤双语中字,ftp://ygdy8:ygdy8@yg90.dydytt.net:8223/[阳光电影www.ygdy8.net].常在你左右.BD.720p.国粤双语中字.mkv
2017年动作战争《密战》HD国语中字,ftp://ygdy8:ygdy8@yg72.dydytt.net:7012/[阳光电影www.ygdy8.net].密战.HD.720p.国语中字.mkv
2017年高分获奖奇幻惊悚《圣鹿之死》HD中英双字幕,ftp://ygdy8:ygdy8@yg72.dydytt.net:8101/[阳光电影www.ygdy8.net].圣鹿之死.HD.720p.中英双字幕.rmvb
2017年古天乐动作《杀破狼・贪狼》BD国粤双语中字,ftp://ygdy8:ygdy8@yg45.dydytt.net:3024/[阳光电影www.ygdy8.net].杀破狼・贪狼.BD.720p.国粤双语中字.mkv
2017年高分恐怖《小丑回魂/它》HD中英双字幕,ftp://ygdy8:ygdy8@yg45.dydytt.net:8092/[阳光电影www.ygdy8.net].小丑回魂.HD.720p.中英双字幕.rmvb
2017年段奕宏江一燕悬疑《暴雪将至》HD国语中字,ftp://ygdy8:ygdy8@yg45.dydytt.net:8091/[阳光电影www.ygdy8.net].暴雪将至.HD.1080p.国语中字.mp4
2017年喜剧传记《美国行动》BD中英双字幕,ftp://ygdy8:ygdy8@yg45.dydytt.net:8090/[阳光电影www.ygdy8.net].美国行动.BD.720p.中英双字幕.mkv
2017年喜剧音乐《缝纫机乐队》HD国语中字,ftp://ygdy8:ygdy8@yg45.dydytt.net:6049/[阳光电影www.ygdy8.net].缝纫机乐队.HD.720p.国语中字.mkv
2017年詹妮弗・劳伦斯悬疑惊悚《母亲！》BD中英双字幕,ftp://ygdy8:ygdy8@yg45.dydytt.net:6048/[阳光电影www.ygdy8.net].母亲！.BD.720p.中英双字幕.mkv
2017年惊悚恐怖《红衣小女孩2》BD国语中字,ftp://ygdy8:ygdy8@yg72.dydytt.net:7008/[阳光电影www.ygdy8.net].红衣小女孩2.BD.720p.国语中字.mkv
2017年8.3高分战争《敦刻尔克》BD中英双字幕,ftp://ygdy8:ygdy8@yg45.dydytt.net:3030/[阳光电影www.ygdy8.net].敦刻尔克.BD.720p.国英双语.中英双字幕.mkv
2017年高分获奖剧情《相爱相亲》HD国语中字,ftp://ygdy8:ygdy8@yg72.dydytt.net:8097/[阳光电影www.ygdy8.net].相爱相亲.HD.720p.国语中字.mkv
2017年高分剧情《天才枪手》BD国粤双语中字,ftp://ygdy8:ygdy8@yg45.dydytt.net:4020/[阳光电影www.ygdy8.net].天才枪手.BD.720p.国粤泰三语中字.mkv
2017年动作《战狼2/新战狼》BD国语中英双字幕,ftp://ygdy8:ygdy8@yg45.dydytt.net:4019/[阳光电影www.ygdy8.net].战狼2.BD.720p.国语中英双字幕.mkv
2017年动作喜剧《王牌特工2：黄金圈》BD中英双字幕,ftp://ygdy8:ygdy8@yg45.dydytt.net:5015/[阳光电影www.ygdy8.net].王牌特工2：黄金圈.BD.720p.中英双字幕.mkv
2017年动作《英伦对决》国英双语.HD中英双字幕[更新],ftp://ygdy8:ygdy8@yg45.dydytt.net:7092/[阳光电影www.ygdy8.net].英lun对决.HD.720p.国英双语.中英双字幕.mkv
2017年动作喜剧《王牌特工2：黄金圈》HD中英双字幕,ftp://ygdy8:ygdy8@yg45.dydytt.net:3019/[阳光电影www.ygdy8.net].王牌特工2：黄金圈.HD.720p.中英双字幕.rmvb
2017年悬疑剧情《畸形屋/怪屋》HD中英双字幕,ftp://ygdy8:ygdy8@yg45.dydytt.net:4017/[阳光电影www.ygdy8.net].畸形屋.HD.720p.中英双字幕.rmvb
2017年科幻动作《全球风暴》HD韩版中英双字幕,ftp://ygdy8:ygdy8@yg45.dydytt.net:7082/[阳光电影www.ygdy8.net].全球风暴.HD.720p.韩版中英双字幕.rmvb
2017年动画《蜡笔小新：宇宙人来袭》BD.国粤日三语中字,ftp://ygdy8:ygdy8@yg45.dydytt.net:8081/[阳光电影www.ygdy8.net].蜡笔小新：宇宙人来袭.BD.720p.国粤日三语中字.mkv
2017年动作《美国刺客/美国特工》BD中英双字幕,ftp://ygdy8:ygdy8@yg45.dydytt.net:7080/[阳光电影www.ygdy8.net].美国刺客.BD.720p.中英双字幕.mkv
2017年喜剧传记《美国行动》HD中英双字幕,ftp://ygdy8:ygdy8@yg45.dydytt.net:7079/[阳光电影www.ygdy8.net].美国行动.HD.720p.中英双字幕.rmvb
2017年高分剧情悬疑《天才枪手》BD中文字幕,ftp://ygdy8:ygdy8@yg45.dydytt.net:4014/[阳光电影www.ygdy8.net].天才枪手.BD.720p.中文字幕.mkv
2017年动作喜剧《神偷联盟》BD中英双字幕[更新链接],ftp://ygdy8:ygdy8@yg45.dydytt.net:3023/[阳光电影www.ygdy8.net].神偷lian盟.BD.720p.中英双字幕.mkv
2017年彭于晏倪妮奇幻动作《悟空传》BD国粤双语中字,ftp://ygdy8:ygdy8@yg45.dydytt.net:4013/[阳光电影www.ygdy8.com].悟空传.BD.720p.国粤双语中字.mkv
2017年动画《赛车总动员3》英国粤台BD中英双字幕,ftp://ygdy8:ygdy8@yg45.dydytt.net:7073/[阳光电影www.ygdy8.com].赛车总动员3：极速挑战.BD.720p.英国粤台.中英双字幕.mkv
2017年悬疑惊悚《京城81号2》BD国粤双语中字,ftp://ygdy8:ygdy8@yg45.dydytt.net:6042/[阳光电影www.ygdy8.com].京城81号2.BD.720p.国粤双语中字.mkv
2017年高分剧情历史《南汉山城》HD韩语中字,ftp://ygdy8:ygdy8@yg72.dydytt.net:8078/[阳光电影www.ygdy8.com].南汉山城.HD.720p.韩语中字.rmvb
2017年科幻动作《星际特工：千星之城》HD中英双字幕,ftp://ygdy8:ygdy8@yg45.dydytt.net:4012/[阳光电影www.ygdy8.com].星际特工：千星之城.HD.720p.中英双字幕.rmvb
2017年悬疑动作《极寒之城》BD中英双字幕,ftp://ygdy8:ygdy8@yg45.dydytt.net:8071/[阳光电影www.ygdy8.com].极寒之城.BD.720p.中英双字幕.mkv
2017年悬疑动作《猎凶风河谷》BD中英双字幕[更新],ftp://ygdy8:ygdy8@yg45.dydytt.net:7089/[阳光电影www.ygdy8.net].风河谷谋杀案.BD.720p.中英双字幕.mkv
2017年动作《战狼2/新战狼》HD国语中字,ftp://ygdy8:ygdy8@yg45.dydytt.net:7070/[阳光电影www.ygdy8.com].战lang2.HD.720p.国语中字.mkv
2017年科幻动作《星际特工：千星之城》HD韩版中字,ftp://ygdy8:ygdy8@yg45.dydytt.net:3010/[阳光电影www.ygdy8.com].星际特工：千星之城.HD.720p.韩版中字.rmvb
2017年剧情冒险《丛林/丛林炼狱》BD中英双字幕,ftp://ygdy8:ygdy8@yg45.dydytt.net:8070/[阳光电影www.ygdy8.com].丛林.BD.720p.中英双字幕.mkv
2017年动作《超速驾驶/盗速飞车》BD中英双字幕,ftp://ygdy8:ygdy8@yg45.dydytt.net:5011/[阳光电影www.ygdy8.com].超速驾驶.BD.720p.中英双字幕.mkv
2017年动画《赛车总动员3：极速挑战》BD中英双字幕,ftp://ygdy8:ygdy8@yg45.dydytt.net:3008/[阳光电影www.ygdy8.com].赛车总动员3：极速挑战.BD.720p.中英双字幕.mkv
2017年悬疑动作《极寒之城》HD中英双字幕,ftp://ygdy8:ygdy8@yg45.dydytt.net:6040/[阳光电影www.ygdy8.com].极寒之城.HD.720p.中英双字幕.rmvb
2017年刘德华舒淇动作《侠盗联盟》BD国粤双语中字,ftp://ygdy8:ygdy8@yg45.dydytt.net:5009/[阳光电影www.ygdy8.com].侠盗联盟.BD.720p.国粤双语中字.mkv
2017年古天乐动作《杀破狼・贪狼》HD国语中字,ftp://ygdy8:ygdy8@yg45.dydytt.net:6038/[阳光电影www.ygdy8.com].杀破狼・贪狼.HD.720p.国语中字.mkv
2017年悬疑惊悚《杀人者的记忆法》HD韩语中字,ftp://ygdy8:ygdy8@yg72.dydytt.net:8073/[阳光电影www.ygdy8.com].杀人者的记忆法.HD.720p.韩语中字.rmvb
2017年悬疑动作《极寒之城》HD韩版中英双字幕,ftp://ygdy8:ygdy8@yg45.dydytt.net:5006/[阳光电影www.ygdy8.com].极寒之城.HD.720p.韩版中英双字幕.rmvb
2017年科幻动画《刀剑神域：序列之争剧场版》BD日语中字,ftp://ygdy8:ygdy8@yg45.dydytt.net:8061/[阳光电影www.ygdy8.com].刀剑神域：序列之争剧场版.BD.720p.日语中字.mkv
2017年刘德华舒淇动作《侠盗联盟》HD国粤双语中字,ftp://ygdy8:ygdy8@yg72.dydytt.net:8071/[阳光电影www.ygdy8.com].侠dao��盟.HD.720p.国粤双语中字.mkv
2017年7.8分科幻《猩球崛起3：终极之战》BD国英双语.中英双字幕,ftp://ygdy8:ygdy8@yg45.dydytt.net:8089/[阳光电影www.ygdy8.net].猩球崛起3：终极之战.BD.720p.国英双语.中英双字幕.mkv
2017年悬疑恐怖《安娜贝尔2：诞生》BD中英双字幕,ftp://ygdy8:ygdy8@yg45.dydytt.net:3003/[阳光电影www.ygdy8.com].安娜贝尔2：诞生.BD.720p.中英双字幕.mkv
2017年7.9分悬疑动作《猎凶风河谷》HD中英双字幕,ftp://ygdy8:ygdy8@yg45.dydytt.net:7089/[阳光电影www.ygdy8.net].风河谷谋杀案.BD.720p.中英双字幕.mkv
2017年动画喜剧《神偷奶爸3》英国粤三语.BD中英双字幕,ftp://ygdy8:ygdy8@yg45.dydytt.net:8060/[阳光电影www.ygdy8.com].神偷奶爸3.BD.720p.国粤英三语.中英双字幕.mkv
2017年高分动作《极盗车神》国英双语.BD中英双字幕,ftp://ygdy8:ygdy8@yg45.dydytt.net:7060/[阳光电影www.ygdy8.com].极盗车神.BD.720p.国英双语.中英双字幕.mkv
2017年高分科幻动作《猩球崛起3：终极之战》BD中英双字幕,ftp://ygdy8:ygdy8@yg45.dydytt.net:8089/[阳光电影www.ygdy8.net].猩球崛起3：终极之战.BD.720p.国英双语.中英双字幕.mkv
2017年悬疑《22年后的自白：我是杀人犯》BD日语中字,ftp://ygdy8:ygdy8@yg90.dydytt.net:8217/[阳光电影www.ygdy8.com].22年后的自白：我是杀人犯.BD.720p.日语中字.rmvb
2017年悬疑动作《心理罪大电影》HD国语中字,ftp://ygdy8:ygdy8@yg90.dydytt.net:7001/[阳光电影www.ygdy8.com].心理罪.HD.720p.国语中字.mkv
2017年郭富城王千源刘涛动作《破・局》HD国语中字,ftp://ygdy8:ygdy8@yg72.dydytt.net:8067/[阳光电影www.ygdy8.com].破・局.HD.720p.国语中字.mkv
2017年科幻动作《变形金刚5：最后的骑》BD中英双字幕,ftp://ygdy8:ygdy8@yg45.dydytt.net:6029/[阳光电影www.ygdy8.com].变形金刚5：最后的骑士.BD.720p.中英双字幕.mkv
2017年剧情历史战争《明月几时有》BD国粤双语中字,ftp://ygdy8:ygdy8@yg45.dydytt.net:5001/[阳光电影www.ygdy8.com].明月几时有.BD.720p.国粤双语中字.mkv
2017年动画喜剧《十万个冷笑话2》HD国语中字,ftp://ygdy8:ygdy8@yg45.dydytt.net:3001/[阳光电影www.ygdy8.com].十万个冷笑话2.HD.720p.国语中字.mkv
2017年剧情《牡丹花下/美丽有毒/魅惑》BD中英双字幕,ftp://ygdy8:ygdy8@yg45.dydytt.net:6027/[阳光电影www.ygdy8.com].牡丹花下.BD.720p.中英双字幕.mkv
2017年高分历史剧情《出租车司机》HD韩语中字,ftp://ygdy8:ygdy8@yg72.dydytt.net:8061/[阳光电影www.ygdy8.com].出租车司机.HD.720p.韩语中字.rmvb
2017年2017年剧情历史《建军大业》BD国语中字,ftp://ygdy8:ygdy8@yg45.dydytt.net:7055/[阳光电影www.ygdy8.com].建军大业.BD.720p.国语中字.mkv
2017年高分科幻动作《蜘蛛侠：英雄归来》HD中英双字幕,ftp://ygdy8:ygdy8@yg45.dydytt.net:8055/[阳光电影www.ygdy8.com].蜘蛛侠：英雄归来.HD.720p.中英双字幕.rmvb
2017年高分获奖音乐喜剧《闪光少女》HD国语中字,ftp://ygdy8:ygdy8@yg45.dydytt.net:6022/[阳光电影www.ygdy8.com].闪光少女.HD.720p.国语中字.mkv
2017年古天乐奇幻喜剧《喵星人》BD国粤双语中字,ftp://ygdy8:ygdy8@yg45.dydytt.net:6021/[阳光电影www.ygdy8.com].喵星人.BD.720p.国粤双语中字.mkv
2017年高分剧情奇幻《鬼魅浮生/鬼故事》BD中英双字幕,ftp://ygdy8:ygdy8@yg45.dydytt.net:8050/[阳光电影www.ygdy8.com].鬼魅浮生.BD.720p.中英双字幕.mkv
2017年纪录音乐《一路逆风/邓紫棋成长记》BD国语中字,ftp://ygdy8:ygdy8@yg72.dydytt.net:8055/[阳光电影www.ygdy8.com].一路逆风.BD.720p.国语中字.mkv
2017年奇幻喜剧《反转人生》HD国语中字,ftp://ygdy8:ygdy8@yg45.dydytt.net:7049/[阳光电影www.ygdy8.com].反转人生.HD.720p.国语中字.rmvb
2017年科幻动画《星河战队：火星叛国者》BD中英双字幕,ftp://ygdy8:ygdy8@yg45.dydytt.net:6018/[阳光电影www.ygdy8.com].星河战队：火星叛国者.BD.720p.中英双字幕.mkv
2017年剧情历史战争《明月几时有》HD国粤双语中字,ftp://ygdy8:ygdy8@yg72.dydytt.net:8054/[阳光电影www.ygdy8.com].明月几时有.HD.720p.国粤双语中字.mkv
2017年周迅彭于晏霍建华《明月几时有》HD国语中字,ftp://ygdy8:ygdy8@yg45.dydytt.net:6016/[阳光电影www.ygdy8.com].明月几时有.HD.720p.国语中字.mkv
2017年动作《加勒比海盗5：死无对证》国英双语.BD中英双字幕,ftp://ygdy8:ygdy8@yg45.dydytt.net:7046/[阳光电影www.ygdy8.com].加勒比海盗5：死无对证.BD.720p.国英双语.中英双字幕.mkv
2017年动作《神奇女侠/神力女超人》国英双语.BD中英双字幕,ftp://ygdy8:ygdy8@yg45.dydytt.net:8046/[阳光电影www.ygdy8.com].神奇女侠.BD.720p.国英双语.中英双字幕.mkv
2017年科幻动作《变形金刚5：最后的骑士》BD中英双字幕,ftp://ygdy8:ygdy8@yg45.dydytt.net:6014/[阳光电影www.ygdy8.com].变形金刚5：最后的骑士.HD.720p.中英双字幕.rmvb
2017年高分动作《极盗车神》HD中英双字幕,ftp://ygdy8:ygdy8@yg72.dydytt.net:6011/[阳光电影www.ygdy8.com].极盗车神.HD.720p.中英双字幕.rmvb
2017年动作《新木乃伊/盗墓迷城》BD中英双字幕,ftp://ygdy8:ygdy8@yg45.dydytt.net:8043/[阳光电影www.ygdy8.com].新木乃伊.BD.720p.中英双字幕.mkv
2017年科幻动作《变形金刚5：最后的骑士》HD韩版中英双字幕,ftp://ygdy8:ygdy8@yg45.dydytt.net:7040/[阳光电影www.ygdy8.com].变形金刚5：最后的骑士.HD.720p.韩版中英双字幕.mkv
2017年传记动作《荡寇风云/战神戚继光》BD国粤双语中字,ftp://ygdy8:ygdy8@yg45.dydytt.net:6013/[阳光电影www.ygdy8.com].荡寇风云.BD.720p.国粤双语中字.mkv
2017年动作《加勒比海盗5：死无对证》HD中英双字幕,ftp://ygdy8:ygdy8@yg72.dydytt.net:8048/[阳光电影www.ygdy8.com].加勒比海盗5：死无对证.HD.720p.中英双字幕.rmvb
2017年奇幻爱情《三生三世十里桃花》HD国语中字,ftp://ygdy8:ygdy8@yg72.dydytt.net:8045/[阳光电影www.ygdy8.com].三生三世十里桃花.HD.720p.国语中字.mkv
2017年动作《绣春刀II：修罗战场/绣春刀2》HD国语中字,ftp://ygdy8:ygdy8@yg45.dydytt.net:6012/[阳光电影www.ygdy8.com].绣春刀II：修罗战场.HD.720p.国语中字.mkv
2017年动画喜剧《神偷奶爸3/卑鄙的我3》HD中英双字幕,ftp://ygdy8:ygdy8@yg72.dydytt.net:8044/[阳光电影www.ygdy8.com].神偷奶爸3.HD.720p.中英双字幕.rmvb
2017年高分奇幻动作《神奇女侠》HD中英双字幕,ftp://ygdy8:ygdy8@yg44.dydytt.net:6002/[阳光电影www.ygdy8.com].神奇女侠.HD.720p.中英双字幕.rmvb
2017年动作《王牌保镖/杀手保镖》BD中英双字幕,ftp://ygdy8:ygdy8@yg45.dydytt.net:6009/[阳光电影www.ygdy8.com].王牌保镖.BD.720p.中英双字幕.mkv
2017年惊悚动作《惊天解密/全面封锁》BD中英双字幕,ftp://ygdy8:ygdy8@yg45.dydytt.net:7038/[阳光电影www.ygdy8.com].惊天解密.BD.720p.中英双字幕.mkv
2017年爱情喜剧《原谅他77次》HD国语中字,ftp://ygdy8:ygdy8@yg72.dydytt.net:8042/[阳光电影www.ygdy8.com].原谅他77次.HD.720p.国语中字.mkv
2017年动画喜剧《内裤队长/底底超人大电影》BD中英双字幕,ftp://ygdy8:ygdy8@yg45.dydytt.net:8038/[阳光电影www.ygdy8.com].内裤队长.BD.720p.中英双字幕.mkv
2017年传记战争《梅根・利维》BD中英双字幕,ftp://ygdy8:ygdy8@yg45.dydytt.net:8037/[阳光电影www.ygdy8.com].梅根・利维.BD.720p.中英双字幕.mkv
2017年喜剧《仓皇一夜/姊妹欲蒲团》BD中英双字幕,ftp://ygdy8:ygdy8@yg45.dydytt.net:6005/[阳光电影www.ygdy8.com].仓皇一夜.BD.720p.中英双字幕.mkv
2017年黄秋生林家栋恐怖《失眠》BD国粤双语中字,ftp://ygdy8:ygdy8@yg45.dydytt.net:7036/[阳光电影www.ygdy8.com].失眠.BD.720p.国粤双语中字.mkv
2017年奇幻动作《悟空传》HD国语中字,ftp://ygdy8:ygdy8@yg45.dydytt.net:6004/[阳光电影www.ygdy8.com].悟空传.HD.720p.国语中字.mkv
2017年科幻惊悚《猎杀星期一》BD中英双字幕,ftp://ygdy8:ygdy8@yg45.dydytt.net:8035/[阳光电影www.ygdy8.com].猎杀星期一.BD.720p.中英双字幕.mkv
2017年悬疑剧情《浮生梦/遗孀美人心》BD中英双字幕,ftp://ygdy8:ygdy8@yg45.dydytt.net:7035/[阳光电影www.ygdy8.com].浮生梦.BD.720p.中英双字幕.mkv
2017年动作剧情《青禾男高》HD国语中字,ftp://ygdy8:ygdy8@yg45.dydytt.net:6003/[阳光电影www.ygdy8.com].青禾男高.HD.720p.国语中字.mkv
2017年动作喜剧《海滩游侠/海滩救护队》BD中英双字幕,ftp://ygdy8:ygdy8@yg72.dydytt.net:8038/[阳光电影www.ygdy8.com].海滩游侠.HD.720p.中英双字幕.rmvb
2017年悬疑动作《拆弹专家》BD国粤双语中字,ftp://ygdy8:ygdy8@yg72.dydytt.net:8037/[阳光电影www.ygdy8.com].拆弹专家.BD.720p.国粤双语中字.mkv
2017年悬疑惊悚《目击者之追凶》BD国语中字,ftp://ygdy8:ygdy8@yg45.dydytt.net:7030/[阳光电影www.ygdy8.com].目击者之追凶.BD.720p.国语中字.mkv
2017年动作喜剧《绝世高手》HD国语中字,ftp://ygdy8:ygdy8@yg45.dydytt.net:8029/[阳光电影www.ygdy8.com].绝世高手.HD.720p.国语中字.mkv
2017年剧情《春娇救志明/志明与春娇3》BD国粤双语中字,ftp://ygdy8:ygdy8@yg45.dydytt.net:7029/[阳光电影www.ygdy8.com].春娇救志明.BD.720p.国粤双语中字.mkv
2017年高分科幻动作《银河护卫队2》BD中英双字幕,ftp://ygdy8:ygdy8@yg45.dydytt.net:7028/[阳光电影www.ygdy8.com].银河护卫队2.BD.720p.中英双字幕.mkv
2017年动作战争《巴霍巴利王(下)：终结》BD中英双字幕,ftp://ygdy8:ygdy8@yg45.dydytt.net:7025/[阳光电影www.ygdy8.com].巴霍巴利王(下)：终结.BD.720p.中英双字幕.mkv
2017年科幻惊悚恐怖《异形：契约》BD中英双字幕,ftp://ygdy8:ygdy8@yg45.dydytt.net:8021/[阳光电影www.ygdy8.com].异形：契约.BD.720p.中英双字幕.mkv
2017年爱情音乐《52赫兹，我爱你》BD国语中字,ftp://ygdy8:ygdy8@yg45.dydytt.net:7022/[阳光电影www.ygdy8.com].52赫兹，我爱你.BD.720p.国语中字.mkv
2017年惊悚动作《一锤定音》BD中英双字幕,ftp://ygdy8:ygdy8@yg45.dydytt.net:7021/[阳光电影www.ygdy8.com].一锤定音.BD.720p.中英双字幕.mkv
2017年剧情战争《敌对区域》BD中英双字幕,ftp://ygdy8:ygdy8@yg72.dydytt.net:8031/[阳光电影www.ygdy8.com].敌对区域.BD.720p.中英双字幕.mkv
2017年杨幂霍建华动作科幻《逆时营救》HD国语中字,ftp://ygdy8:ygdy8@yg45.dydytt.net:7020/[阳光电影www.ygdy8.com].逆时营救.HD.720p.国语中字.mkv
2015年高分获奖动作《师父/师傅》BD国语中字,ftp://ygdy8:ygdy8@yg45.dydytt.net:8020/[阳光电影www.ygdy8.com].师父.BD.720p.国语中字.mkv
2017年悬疑惊悚《目击者之追凶》HD国语中字,ftp://ygdy8:ygdy8@yg45.dydytt.net:7018/[阳光电影www.ygdy8.com].目击者之追凶.HD.720p.国语中字.mkv
2017年获奖剧情《我心雀跃》HD国语中字,ftp://ygdy8:ygdy8@yg72.dydytt.net:8028/[阳光电影www.ygdy8.com].我心雀跃.HD.720p.国语中字.mkv
2017年奇幻动作《亚瑟王：斗兽争霸》BD中英双字幕,ftp://ygdy8:ygdy8@yg45.dydytt.net:7017/[阳光电影www.ygdy8.com].亚瑟王：斗兽争霸.BD.720p.中英双字幕.mkv
2017年周冬雨张孝全爱情喜剧《指甲刀人魔》BD国语中字,ftp://ygdy8:ygdy8@yg45.dydytt.net:8017/[阳光电影www.ygdy8.com].指甲刀人魔.BD.720p.国语中字.mkv
2016年高分获奖动画《你的名字。》BD日语中字,ftp://ygdy8:ygdy8@yg45.dydytt.net:8016/[阳光电影www.ygdy8.com].你的名字。.BD.720p.日语中字.mkv
2017年高分剧情战争《奥斯曼中尉》BD中英双字幕,ftp://ygdy8:ygdy8@yg45.dydytt.net:7016/[阳光电影www.ygdy8.com].奥斯曼中尉.BD.720p.中英双字幕.mkv
2017年黄渤徐静蕾悬疑惊悚《记忆大师》HD国语中字,ftp://ygdy8:ygdy8@yg45.dydytt.net:8015/[无极电影-www.wujidy.com].记忆大师.HD.720p.国语中字.mkv
2017年动作《无罪之城》HD国语中字,ftp://ygdy8:ygdy8@yg45.dydytt.net:7015/[无极电影-www.wujidy.com].无罪之城.HD.720p.国语中字.mkv
2017年喜剧《三个老枪手/抢钱耆兵》BD中英双字幕,ftp://ygdy8:ygdy8@yg45.dydytt.net:8014/[阳光电影www.ygdy8.com].三个老枪手.BD.720p.中英双字幕.mkv
2017年布鲁斯・威利斯动作《首杀/第一枪》HD中英双字幕,ftp://ygdy8:ygdy8@yg45.dydytt.net:7013/[阳光电影www.ygdy8.com].首杀.HD.720p.中英双字幕.rmvb
2017年高分获奖剧情《一念无明》HD粤语中字,ftp://ygdy8:ygdy8@yg45.dydytt.net:7012/[阳光电影www.ygdy8.com].一念无明.HD.720p.粤语中字.mkv
2017年动作《共助/机密同盟/秘密任务》BD韩语中字,ftp://ygdy8:ygdy8@yg45.dydytt.net:8012/[阳光电影www.ygdy8.com].共助.BD.720p.韩语中字.mkv
2017年剧情《台北物语》HD国语中字,ftp://ygdy8:ygdy8@yg72.dydytt.net:8026/[阳光电影www.ygdy8.com].台北物语.HD.720p.国语中字.mkv
2017年剧情《忠爱无言/老人与狗》HD国语中字,ftp://ygdy8:ygdy8@yg72.dydytt.net:8025/[阳光电影www.ygdy8.com].忠爱无言.HD.720p.国语中字.mkv
2017年爱情剧情《我们停战吧》BD国粤双语中字,ftp://ygdy8:ygdy8@yg72.dydytt.net:8024/[阳光电影www.ygdy8.com].我们停战吧.BD.720p.国粤双语中字.mkv
2017年科幻动作《攻壳机动队真人版》BD中英双字幕,ftp://ygdy8:ygdy8@yg72.dydytt.net:8022/[阳光电影www.ygdy8.com].攻壳机动队.BD.720p.中英双字幕.mkv
2017年高分家庭剧情《天才少女》BD中英双字幕,ftp://ygdy8:ygdy8@yg45.dydytt.net:8003/[阳光电影www.ygdy8.com].天才少女.BD.720p.中英双字幕.mkv
2017年动作《走火交易/玩命枪火》BD中英双字幕,ftp://ygdy8:ygdy8@yg37.dydytt.net:7047/[阳光电影www.ygdy8.com].走火交易.BD.720p.中英双字幕.mkv
2017年动画喜剧《宝贝老板》英国粤三语.BD中英双字幕,ftp://ygdy8:ygdy8@yg37.dydytt.net:8045/[阳光电影www.ygdy8.com].宝贝老板.BD.720p.国粤英三语.中英双字幕.mkv
2017年刘青云古天乐动作《毒。诫》BD国粤双语中字,ftp://ygdy8:ygdy8@yg37.dydytt.net:8044/[阳光电影www.ygdy8.com].毒。诫.BD.720p.国粤双语中字.mkv
2017年科幻动作《攻壳机动队》国英双语.HD中英双字幕,ftp://ygdy8:ygdy8@yg72.dydytt.net:8020/[阳光电影www.ygdy8.com].攻壳机动队.HD.720p.国英双语.中英双字幕.mkv
2016年剧情历史《承诺/诺言》BD中英双字幕,ftp://ygdy8:ygdy8@yg37.dydytt.net:7044/[阳光电影www.ygdy8.com].承诺.BD.720p.中英双字幕.mkv
2016年冒险动作《迷失Z城/失落之城》BD中英双字幕,ftp://ygdy8:ygdy8@yg37.dydytt.net:8043/[阳光电影www.ygdy8.com].迷失Z城.BD.720p.中英双字幕.mkv
2016年高分获奖剧情《将来的事》BD法语中字,ftp://ygdy8:ygdy8@yg72.dydytt.net:8019/[阳光电影www.ygdy8.com].将来的事.BD.720p.法语中字.mkv
2017年动作《速度与激情8》国英双语.BD中英双字幕,ftp://ygdy8:ygdy8@yg37.dydytt.net:7043/[阳光电影www.ygdy8.com].速度与激情8.BD.720p.国英双语.中英双字幕.mkv
2017年黄磊海清喜剧《麻烦家族》HD国语中字,ftp://ygdy8:ygdy8@yg72.dydytt.net:8017/[阳光电影www.ygdy8.com].麻烦家族.HD.720p.国语中字.mkv
2017年动画《蓝精灵：寻找神秘村》国英双语.BD中英双字幕,ftp://ygdy8:ygdy8@yg72.dydytt.net:8014/[阳光电影www.ygdy8.com].蓝精灵：寻找神秘村.BD.720p.国英双语.中英双字幕.mkv
2017年动作《被操纵的城市/虚拟都市》BD韩语中字,ftp://ygdy8:ygdy8@yg37.dydytt.net:8041/[阳光电影www.ygdy8.com].被操纵的城市.BD.720p.韩语中字.mkv
2017年动作《金刚：骷髅岛》国英双语.BD中英双字幕,ftp://ygdy8:ygdy8@y219.dydytt.net:7009/[阳光电影www.ygdy8.com].金刚：骷髅岛.BD.720p.国英双语.中英双字幕.mkv
2017年段奕宏黄轩动作《非凡任务/猎鹰》BD国语中字,ftp://ygdy8:ygdy8@y219.dydytt.net:7008/[阳光电影www.ygdy8.com].非凡任务.BD.720p.国语中字.mkv
2016年林家栋陈静《此情此刻》BD国粤双语中字,ftp://ygdy8:ygdy8@y153.dydytt.net:9243/[阳光电影www.ygdy8.com].此情此刻.BD.720p.国粤双语中字.mkv
2017年恐怖动作《救僵清道夫/尸奔日记》BD国粤双语中字,ftp://ygdy8:ygdy8@y153.dydytt.net:9242/[阳光电影www.ygdy8.com].救僵清道夫.BD.720p.国粤双语中字.mkv
2017年动画喜剧《蓝精灵：寻找神秘村》HD中英双字幕,ftp://ygdy8:ygdy8@yg37.dydytt.net:7036/[阳光电影www.ygdy8.com].蓝精灵：寻找神秘村.HD.720p.中英双字幕.rmvb
2017年剧情音乐《歌声不绝》BD中英双字幕,ftp://ygdy8:ygdy8@y153.dydytt.net:8271/[阳光电影www.ygdy8.com].歌声不绝.BD.720p.中英双字幕.mkv
2017年剧情传记历史《动物园长的夫人》BD中英双字幕,ftp://ygdy8:ygdy8@y219.dydytt.net:9282/[阳光电影www.ygdy8.com].动物园长的夫人.BD.720p.中英双字幕.mkv
2017年王凯张鲁一悬疑《嫌疑人X的献身》HD国语中字,ftp://ygdy8:ygdy8@y153.dydytt.net:8270/[阳光电影www.ygdy8.com].嫌疑人X的献身.HD.720p.国语中字.mkv
2017年科幻动作《超凡战队》BD中英双字幕,ftp://ygdy8:ygdy8@y219.dydytt.net:8282/[阳光电影www.ygdy8.com].超凡战队.BD.720p.中英双字幕.mkv
2017年剧情《春娇救志明/志明与春娇3》HD国粤双语中字,ftp://ygdy8:ygdy8@yg77.dydytt.net:8019/[阳光电影www.ygdy8.com].春娇救志明.HD.720p.国粤双语中字.mkv
2017年科幻惊悚《异星觉醒/外星生命》BD中英双字幕,ftp://ygdy8:ygdy8@yg77.dydytt.net:8018/[阳光电影www.ygdy8.com].异星觉醒.BD.720p.中英双字幕.mkv
2017年惊悚动作《贝尔科实验/办公室大狂杀》BD中英双字幕,ftp://ygdy8:ygdy8@y153.dydytt.net:9238/[阳光电影www.ygdy8.com].贝尔科实验.BD.720p.中英双字幕.mkv
2017年邓超彭于晏赵丽颖《乘风破浪》BD国语中字,ftp://ygdy8:ygdy8@y219.dydytt.net:8276/[阳光电影www.ygdy8.com].乘风破浪.BD.720p.国语中字.mkv
2016年剧情《一万公里的约定》BD国语中字,ftp://ygdy8:ygdy8@y219.dydytt.net:9279/[阳光电影www.ygdy8.com].一万公里的约定.BD.720p.国语中字.mkv
2016年高分传记剧情《摔跤吧！爸爸》BD中英双字幕,ftp://ygdy8:ygdy8@yg42.dydytt.net:8033/[阳光电影www.ygdy8.com].摔跤吧！爸爸.BD.720p.中英双字幕.mkv
2016年阮经天杜鹃爱情《纽约纽约》BD国语中字,ftp://ygdy8:ygdy8@y219.dydytt.net:8274/[阳光电影www.ygdy8.com].纽约纽约.BD.720p.国语中字.mkv
2017年金城武周冬雨《喜欢你》HD国语中字,ftp://ygdy8:ygdy8@yg42.dydytt.net:7030/[阳光电影www.ygdy8.com].喜欢你.HD.720p.国语中字.mkv
2016年孙艺珍惊悚《没有秘密》HD韩语中字,ftp://ygdy8:ygdy8@yg77.dydytt.net:8015/[阳光电影www.ygdy8.com].�]有秘密.HD.720p.韩语中字.mkv
2017年高分动作《疾速特攻/疾速追杀2》BD中英双字幕,ftp://ygdy8:ygdy8@yg77.dydytt.net:7014/[阳光电影www.ygdy8.com].疾速特攻.BD.720p.中英双字幕.mkv
2017年爱情喜剧《傲娇与偏见》HD国语中字,ftp://ygdy8:ygdy8@y153.dydytt.net:9237/[阳光电影www.ygdy8.com].傲娇与偏见.HD.720p.国语中字.mkv
2015年高分纪录片《猎捕/生存战》BD中英双字幕,ftp://ygdy8:ygdy8@y153.dydytt.net:8264/[阳光电影www.ygdy8.com].猎捕(第1集).BD.720p.中英双字幕.mkv
2017年剧情喜剧《战争机器》BD中英双字幕,ftp://ygdy8:ygdy8@yg42.dydytt.net:8025/[阳光电影www.ygdy8.com].战争机器.BD.720p.中英双字幕.mkv
2016年悬疑惊悚《救命解药》BD中英双字幕,ftp://ygdy8:ygdy8@yg42.dydytt.net:7027/[阳光电影www.ygdy8.com].救命解药.BD.720p.中英双字幕.mkv
2017年高分剧情《猜火车2/迷幻列车2》BD中英双字幕,ftp://ygdy8:ygdy8@yg77.dydytt.net:7013/[阳光电影www.ygdy8.com].猜火车2.BD.720p.中英双字幕.mkv
2017年高分惊悚动作《疾速特攻/疾速追杀2》HD中英双字幕,ftp://ygdy8:ygdy8@yg77.dydytt.net:7011/[阳光电影www.ygdy8.com].疾速特攻.HD.720p.中英双字幕.rmvb
2017年爱情喜剧《合约男女/婚前合约》BD国粤双语中字,ftp://ygdy8:ygdy8@yg42.dydytt.net:7025/[阳光电影www.ygdy8.com].合约男女.BD.720p.国粤双语中字.mkv
2017年高分剧情《猜火车2/迷幻列车2》HD中英双字幕,ftp://ygdy8:ygdy8@yg42.dydytt.net:7024/[阳光电影www.ygdy8.com].猜火车2.HD.720p.中英双字幕.rmvb
2016年高分获奖剧情《帕特森》BD中英双字幕,ftp://ygdy8:ygdy8@y219.dydytt.net:8267/[阳光电影www.ygdy8.com].帕特森.BD.720p.中英双字幕.mkv
2017年科幻动作《金刚狼3：殊死一战》BD中英双字幕,ftp://ygdy8:ygdy8@yg42.dydytt.net:7023/[阳光电影www.ygdy8.com].金刚狼3.BD.720p.中英双字幕.mkv
2016年高分动画《声之形》BD日语中字,ftp://ygdy8:ygdy8@y219.dydytt.net:8266/[阳光电影www.ygdy8.com].声之形.BD.720p.日语中字.mkv
2017年动画《乐高蝙蝠侠大电影》国英双语.BD中英双字幕,ftp://ygdy8:ygdy8@yg77.dydytt.net:8009/[阳光电影www.ygdy8.com].乐高蝙蝠侠大电影.HD.720p.国语中字.mkv
2017年奇幻《美女与野兽》国英双语.BD中英双字幕,ftp://ygdy8:ygdy8@yg77.dydytt.net:7009/[阳光电影www.ygdy8.com].美女与野兽.BD.720p.国英双语.中英双字幕.mkv
2017年奇幻剧情《陋室/天堂小屋》BD中英双字幕,ftp://ygdy8:ygdy8@yg77.dydytt.net:8008/[阳光电影www.ygdy8.com].陋室.BD.720p.中英双字幕.mkv
2017年悬疑《忽然七日/在我坠落前》BD中英双字幕,ftp://ygdy8:ygdy8@yg77.dydytt.net:7008/[阳光电影www.ygdy8.com].忽然七日.BD.720p.中英双字幕.mkv
2017年段奕宏黄轩动作《非凡任务/猎鹰》HD国语中字,ftp://ygdy8:ygdy8@y219.dydytt.net:8265/[阳光电影www.ygdy8.com].非凡任务.HD.720p.国语中字.mkv
2017年范伟喜剧《有完没完/生于四月一日》HD国语中字,ftp://ygdy8:ygdy8@yg42.dydytt.net:7020/[阳光电影www.ygdy8.com].有完没完.HD.720p.国语中字.mkv
2017年舒淇王千源奇幻喜剧《健忘村》BD国语中字,ftp://ygdy8:ygdy8@yg42.dydytt.net:8021/[阳光电影www.ygdy8.com].健忘村.BD.720p.国语中字.mkv
2017年科幻动作《金刚狼3：殊死一战》HD中英双字幕,ftp://ygdy8:ygdy8@y219.dydytt.net:8263/[阳光电影www.ygdy8.com].金刚狼3：殊死一战.HD.720p.中英双字幕.rmvb
2016年高分传记剧情《摔跤吧！爸爸》BD中文字幕,ftp://ygdy8:ygdy8@y219.dydytt.net:8261/[阳光电影www.ygdy8.com].摔跤吧！爸爸.HD.720x404.中文字幕.mkv
2017年动作《绑架者/迷途杀机》HD国语中字,ftp://ygdy8:ygdy8@y153.dydytt.net:9236/[阳光电影www.ygdy8.com].绑架者.HD.720p.国语中字.mkv
2016年高分历史剧情战争《沃伦》BD中英双字幕,ftp://ygdy8:ygdy8@y219.dydytt.net:8260/[阳光电影www.ygdy8.com].沃伦.BD.720p.中英双字幕.mkv
2016年动画喜剧《欢乐好声音》英国粤三语.BD中英双字幕,ftp://ygdy8:ygdy8@y153.dydytt.net:9235/[阳光电影www.ygdy8.com].欢乐好声音.BD.720p.国粤英三语.中英双字幕.mkv
2016年奇幻动作《长城/万里长城》BD中英双字幕,ftp://ygdy8:ygdy8@y219.dydytt.net:8259/[阳光电影www.ygdy8.com].长城.BD.720p.中英双字幕.mkv
2016年高分获奖剧情喜剧《杰出公民》BD中文字幕,ftp://ygdy8:ygdy8@yg42.dydytt.net:7017/[阳光电影www.ygdy8.com].杰出公民.BD.720p.中文字幕.mkv
2016年悬疑动作《冲天火/天空一号》BD国粤双语中字,ftp://ygdy8:ygdy8@yg42.dydytt.net:8016/[阳光电影www.ygdy8.com].冲天火.BD.720p.国粤双语中字.mkv
2017年动作喜剧《西游伏妖篇》BD国粤双语中字,ftp://ygdy8:ygdy8@y219.dydytt.net:9268/[阳光电影www.ygdy8.com].西游伏妖篇.BD.720p.国粤双语中字.mkv
2017年动作《极限特工3：终极回归》BD中英双字幕,ftp://ygdy8:ygdy8@yg32.dydytt.net:7013/[阳光电影www.ygdy8.com].极限特工3：终极回归.BD.720p.中英双字幕.mkv
2016年高分记录《辛普森：美国制造》BD中英双字幕,ftp://ygdy8:ygdy8@yg16.dydytt.net:7002/[阳光电影www.ygdy8.com].辛普森：美国制造.第1集.BD.720p.中英双字幕.mkv
2017年科幻爱情《世界之外》HD中英双字幕,ftp://ygdy8:ygdy8@y219.dydytt.net:9266/[阳光电影www.ygdy8.com].世界之外.HD.720p.中英双字幕.mkv
2017年成龙动作喜剧《功夫瑜伽》BD国语中字,ftp://ygdy8:ygdy8@yg77.dydytt.net:7002/[阳光电影www.ygdy8.com].功夫瑜伽.BD.720p.国语中字.mkv
2016年高分获奖大片《爱乐之城》BD中英双字幕,ftp://ygdy8:ygdy8@yg77.dydytt.net:8003/[阳光电影www.ygdy8.com].爱乐之城.BD.720p.中英双字幕.mkv
2016年犯罪剧情《夜色人生》BD中英双字幕,ftp://ygdy8:ygdy8@yg16.dydytt.net:8002/[阳光电影www.ygdy8.com].夜色人生.BD.720p.中英双字幕.mkv
2016年惊悚动作《密探/密侦/秘密间谍》BD韩语中字,ftp://ygdy8:ygdy8@yg73.dydytt.net:8008/[阳光电影www.ygdy8.com].密探.BD.720p.韩语中字.mkv
2017年亚当・桑德勒喜剧《桑迪》BD中英双字幕,ftp://ygdy8:ygdy8@yg32.dydytt.net:8008/[阳光电影www.ygdy8.com].桑迪.BD.720p.中英双字幕.mkv
2017年周冬雨张孝全《指甲刀人魔》HD国语中字,ftp://ygdy8:ygdy8@y219.dydytt.net:8256/[阳光电影www.ygdy8.com].指甲刀人魔.HD.720p.国语中字.mkv
2017年战争剧情《沙堡》BD中英双字幕,ftp://ygdy8:ygdy8@yg77.dydytt.net:8002/[阳光电影www.ygdy8.com].沙堡.BD.720p.中英双字幕.mkv
2017年获奖剧情《八月》HD国语中字,ftp://ygdy8:ygdy8@y219.dydytt.net:8254/[阳光电影www.ygdy8.com].八月.HD.720p.国语中字.mkv
2016年冒险惊悚《金矿/金爆内幕》BD中英双字幕,ftp://ygdy8:ygdy8@yg32.dydytt.net:8007/[阳光电影www.ygdy8.com].金矿.BD.720p.中英双字幕.mkv
2017年喜剧《一条狗的使命》BD中英双字幕,ftp://ygdy8:ygdy8@yg73.dydytt.net:8007/[阳光电影www.ygdy8.com].一条狗的使命.BD.720p.中英双字幕.mkv
2017年高分悬疑恐怖《逃出绝命镇》HD英语中字,ftp://ygdy8:ygdy8@yg42.dydytt.net:8008/[阳光电影www.ygdy8.com].逃出绝命镇.HD.720p.英语中字.mkv
2017年胡军余男剧情动作《上海王》HD国语中字,ftp://ygdy8:ygdy8@yg73.dydytt.net:7004/[阳光电影www.ygdy8.com].上海王.HD.720p.国语中字.mkv
2017年动作喜剧《西游伏妖篇》HD国语中字[修正版],ftp://ygdy8:ygdy8@y153.dydytt.net:8261/[阳光电影www.ygdy8.com].西游伏妖篇.HD.720p.国语中字.mkv
2016爱情武侠《大明锦衣卫》HD国语中文字幕,ftp://ygdy8:ygdy8@yg32.dydytt.net:7007/[阳光电影www.ygdy8.com].大明锦衣卫.HD.720p.国语中字.mkv
2017年奇幻动作《大梦西游2铁扇公主》HD国语中文字幕,ftp://ygdy8:ygdy8@yg32.dydytt.net:7007/[阳光电影www.ygdy8.com].大梦西游2铁扇公主.HD.720p.国语中字.mkv
2016年获奖剧情《藩篱》BD中英双字幕,ftp://ygdy8:ygdy8@y219.dydytt.net:8252/[阳光电影www.ygdy8.com].藩篱.BD.720p.中英双字幕.mkv
2016年高分悬疑剧情《怒/愤怒》BD日语中字,ftp://ygdy8:ygdy8@y153.dydytt.net:8260/[阳光电影www.ygdy8.com].怒.BD.720p.日语中字.mkv
2016年奇幻动作《长城》HD中英双字幕,ftp://ygdy8:ygdy8@yg72.dydytt.net:8010/[阳光电影www.ygdy8.com].长城.BD.720p.中英双字幕.rmvb
2017年葛优谢霆锋剧情《决战食神》BD国粤双语中字,ftp://ygdy8:ygdy8@yg32.dydytt.net:7006/[阳光电影www.ygdy8.com].决战食神.BD.720p.国粤双语中字.mkv
2016年成龙动作喜剧《铁道飞虎》BD国语中字,ftp://ygdy8:ygdy8@y153.dydytt.net:9234/[阳光电影www.ygdy8.com].铁道飞虎.BD.720p.国语中字.mkv
2016年高分获奖大片《爱乐之城》HD中英双字幕,ftp://ygdy8:ygdy8@y153.dydytt.net:9233/[阳光电影www.ygdy8.com].爱乐之城.HD.720p.中英双字幕.rmvb
2016年高分剧情《比海更深》BD日语中字,ftp://ygdy8:ygdy8@yg32.dydytt.net:7005/[阳光电影www.ygdy8.com].比海更深.BD.720p.日语中字.mkv
2016年高分动作《终极斗士4》BD中英双字幕,ftp://ygdy8:ygdy8@yg73.dydytt.net:7003/[阳光电影www.ygdy8.com].终极斗士4.HD.720p.中英双字幕.mkv
2017年郑秀文爱情喜剧《合约男女》HD国语中字,ftp://ygdy8:ygdy8@yg72.dydytt.net:8007/[阳光电影www.ygdy8.com].合约男女.HD.720p.国语中字.mkv
2016年动作《蝙蝠侠大战超人：正义黎明》BD国英双语.中英双字,ftp://ygdy8:ygdy8@y153.dydytt.net:8259/[阳光电影www.ygdy8.com].蝙蝠侠大战超人：正义黎明.BD.720p.国英双语.中英双字幕.mkv
2017年葛优谢霆锋剧情《决战食神》HD国语中字,ftp://ygdy8:ygdy8@yg73.dydytt.net:7002/[阳光电影www.ygdy8.com].决战食神.HD.720p.国语中字.mkv
2016年高分惊悚恐怖《分裂》BD中英双字幕,ftp://ygdy8:ygdy8@yg42.dydytt.net:7005/[阳光电影www.ygdy8.com].分裂.BD.720p.中英双字幕.mkv
2016年高分悬疑《看不见的客人/布局》BD中文字幕,ftp://ygdy8:ygdy8@yg72.dydytt.net:7028/[阳光电影www.ygdy8.net].看不见的客人.BD.720p.国语.西班牙语.中英双字幕.mkv
2016年惊悚《绝命荒漠/夺命疯捕》BD中英双字幕,ftp://ygdy8:ygdy8@y219.dydytt.net:9262/[阳光电影www.ygdy8.com].绝命荒漠.BD.720p.中英双字幕.mkv
2016年剧情《隧道/失控隧道》BD韩语中字,ftp://ygdy8:ygdy8@yg42.dydytt.net:7004/[阳光电影www.ygdy8.com].隧道.BD.720p.韩语中字.mkv
2016年科幻惊悚《新哥斯拉》BD日语中字,ftp://ygdy8:ygdy8@y153.dydytt.net:9229/[阳光电影www.ygdy8.com].新哥斯拉.BD.720p.日语中字.mkv
2016年高分剧情《完美陌生人/完美谎情》BD中文字幕,ftp://ygdy8:ygdy8@yg42.dydytt.net:8004/[阳光电影www.ygdy8.com].完美陌生人.BD.720p.中文字幕.mkv
2017年剧情喜剧《乘风破浪》HD国语中字,ftp://ygdy8:ygdy8@y153.dydytt.net:9225/[阳光电影www.ygdy8.com].乘风破浪.HD.720p.国语中字.mkv
2016年高分获奖动画《西葫芦的生活》BD中英双字幕,ftp://ygdy8:ygdy8@y219.dydytt.net:8250/[阳光电影www.ygdy8.com].西葫芦的生活.BD.720p.中英双字幕.mkv
2016年科幻喜剧《怪兽卡车》BD中英双字幕,ftp://ygdy8:ygdy8@yg42.dydytt.net:8003/[阳光电影www.ygdy8.com].怪兽卡车.BD.720p.中英双字幕.mkv
2017年动作喜剧《大闹天竺》HD国语中字,ftp://ygdy8:ygdy8@y153.dydytt.net:8258/[阳光电影www.ygdy8.com].大闹天竺.HD.1080p.国语中字.mp4
2016年届奥斯卡最佳外语片《推销员》BD中文字幕,ftp://ygdy8:ygdy8@yg42.dydytt.net:8002/[阳光电影www.ygdy8.com].推销员.BD.720p.中文字幕.mkv
2016年高分获奖剧情《隐藏人物》BD中英双字幕,ftp://ygdy8:ygdy8@yg42.dydytt.net:7001/[阳光电影www.ygdy8.com].隐藏人物.BD.720p.中英双字幕.mkv
2017年成龙动作喜剧《功夫瑜伽》HD国语中字,ftp://ygdy8:ygdy8@y153.dydytt.net:8256/[阳光电影www.ygdy8.com].功夫瑜伽.HD.720p.国语中字.mkv
2016年科幻动作《生化危机：终章》BD国英双语.中英双字幕,ftp://ygdy8:ygdy8@yg42.dydytt.net:8001/[阳光电影www.ygdy8.com]..生化危机：终章.BD.720p.国英双语.中英双字幕.mkv
2016年梁朝伟金城武杨颖《摆渡人》BD国粤双语中字,ftp://ygdy8:ygdy8@y153.dydytt.net:9222/[阳光电影www.ygdy8.com].摆渡人.BD.720p.国粤双语中字.mkv
2016年高分获奖剧情《沉默》BD中英双字幕,ftp://ygdy8:ygdy8@y219.dydytt.net:8248/[阳光电影www.ygdy8.com].沉默.BD.720p.中英双字幕.mkv
2016年动画动作《杀戮都市：O》BD日语中字,ftp://ygdy8:ygdy8@y153.dydytt.net:9220/[阳光电影www.ygdy8.com].杀戮都市：O.BD.720p.日语中字.mkv
2016年科幻动作《星球大战外传：侠盗一号》BD中英双字幕,ftp://ygdy8:ygdy8@y153.dydytt.net:9218/[阳光电影www.ygdy8.com].星球大战外传：侠盗一号.BD.720p.中英双字幕.mkv
2016年剧情历史惊悚《爱国者之日》BD中英双字幕,ftp://ygdy8:ygdy8@y153.dydytt.net:9217/[阳光电影www.ygdy8.com].爱国者之日.BD.720p.中英双字幕.mkv
2016年高分获奖《二十世纪女人》BD中英双字幕,ftp://ygdy8:ygdy8@y219.dydytt.net:8247/[阳光电影www.ygdy8.com].二十世纪女人.BD.720p.中英双字幕.mkv
2016年科幻恐怖动作《生化危机：终章》HD中英双字幕,ftp://ygdy8:ygdy8@y219.dydytt.net:9258/[阳光电影www.ygdy8.com].生化危机：终章.HD.720p.中英双字幕.rmvb
2016年恐怖动作《黑夜传说5：血战》BD中英双字幕,ftp://ygdy8:ygdy8@y219.dydytt.net:8246/[阳光电影www.ygdy8.com].黑夜传说5：血战.BD.720p.中英双字幕.mkv
2016年科幻动作《刺客信条》BD中英双字幕,ftp://ygdy8:ygdy8@y219.dydytt.net:9257/[阳光电影www.ygdy8.com].刺客信条.BD.720p.中英双字幕.mkv
2016年惊悚剧情《斯隆女士/枪狂帝国》BD中英双字幕,ftp://ygdy8:ygdy8@y219.dydytt.net:8245/[阳光电影www.ygdy8.com].斯隆女士.BD.720p.中英双字幕.mkv
2016年科幻动作《刺客信条》HD中英双字幕,ftp://ygdy8:ygdy8@y153.dydytt.net:9212/[阳光电影www.ygdy8.com].刺客信条.HD.720p.中英双字幕.rmvb
2017年奇幻喜剧《健忘村》HD国语中字,ftp://ygdy8:ygdy8@y219.dydytt.net:9255/[阳光电影www.ygdy8.com].健忘村.HD.720p.国语中字.mkv
2016年本・阿弗莱克《夜色人生》HD中英双字幕,ftp://ygdy8:ygdy8@y153.dydytt.net:9211/[阳光电影www.ygdy8.com].夜色人生.HD.720p.中英双字幕.rmvb
2016年动画喜剧《欢乐好声音》BD中英双字幕,ftp://ygdy8:ygdy8@y153.dydytt.net:8252/[阳光电影www.ygdy8.com].欢乐好声音.BD.720p.中英双字幕.mkv
2017年获奖纪录《我的诗篇》HD国语中字,ftp://ygdy8:ygdy8@y219.dydytt.net:9253/[阳光电影www.ygdy8.com].我的诗篇.HD.720p.国语中字.mkv
2016年惊悚悬疑《你好，疯子》HD国语中字,ftp://ygdy8:ygdy8@y219.dydytt.net:8241/[阳光电影www.ygdy8.com].你好，疯子！.HD.720p.国语中字.mkv
2016年闫妮小沈阳喜剧《情圣》HD国语中字,ftp://ygdy8:ygdy8@y153.dydytt.net:8248/[阳光电影www.ygdy8.com].情圣.HD.720p.国语中字.mkv
2016年威尔・史密斯《附属美丽》BD中英双字幕,ftp://ygdy8:ygdy8@y219.dydytt.net:8238/[阳光电影www.ygdy8.com].附属美丽.BD.720p.中英双字幕.mkv
2016年科幻冒险《太空旅客》BD中英双字幕,ftp://ygdy8:ygdy8@yg80.dydytt.net:8011/[阳光电影www.ygdy8.com].太空旅客.BD.720p.中英双字幕.mkv
2016年喜剧《流浪猫鲍勃》BD中英双字幕,ftp://ygdy8:ygdy8@y219.dydytt.net:9250/[阳光电影www.ygdy8.com].流浪猫鲍勃.BD.720p.中英双字幕.mkv
2016年获奖奇幻《神奇动物在哪里》BD中英双字幕,ftp://ygdy8:ygdy8@yg80.dydytt.net:8007/[阳光电影www.ygdy8.com].神奇动物在哪里.BD.720p.中英双字幕.mkv
2016年许冠文获奖剧情《一路顺风》BD国语中字,ftp://ygdy8:ygdy8@y219.dydytt.net:9249/[阳光电影www.ygdy8.com].一路顺风.BD.720p.国语中字.mkv
2016年获奖剧情传记《第一夫人》BD中英双字幕,ftp://ygdy8:ygdy8@y153.dydytt.net:9209/[阳光电影www.ygdy8.com].第一夫人.BD.720p.中英双字幕.mkv
2016年成龙动作喜剧《铁道飞虎》HD国语中字,ftp://ygdy8:ygdy8@y219.dydytt.net:9248/[阳光电影www.ygdy8.com].铁道飞虎.HD.720p.国语中字.mkv
2016年葛优章子怡悬疑动作《罗曼蒂克消亡史》HD国语中字,ftp://ygdy8:ygdy8@y153.dydytt.net:9208/[阳光电影www.ygdy8.com].罗曼蒂克消亡史.HD.720p.国语中字.mkv
2016年8分获奖剧情《我是布莱克》BD中英双字幕,ftp://ygdy8:ygdy8@y219.dydytt.net:9247/[阳光电影www.ygdy8.com].我是布莱克.BD.720p.中英双字幕.mkv
2016年科幻冒险《太空旅客》HD中英双字幕,ftp://ygdy8:ygdy8@yg80.dydytt.net:8005/[阳光电影www.ygdy8.com].太空旅客.HD.720p.中英双字幕.rmvb
2016年获奖奇幻《怪物召唤》BD中英双字幕,ftp://ygdy8:ygdy8@y219.dydytt.net:9245/[阳光电影www.ygdy8.com].怪物召唤.BD.720p.中英双字幕.mkv
2016年8.0分剧情《月光男孩》BD中英双字幕,ftp://ygdy8:ygdy8@yg20.dydytt.net:8004/[阳光电影www.ygdy8.com].月光男孩.BD.720p.中英双字幕.mkv
2016年7.9分获奖动画《海洋奇缘/莫阿娜》BD中英双字幕,ftp://ygdy8:ygdy8@yg80.dydytt.net:8002/[阳光电影www.ygdy8.com].海洋奇缘.BD.720p.中英双字幕.mkv
2016年布拉德・皮特战争动作《间谍同盟》BD中英双字幕,ftp://ygdy8:ygdy8@yg20.dydytt.net:8002/[阳光电影www.ygdy8.com].间谍同盟.BD.720p.中英双字幕.mkv
2016年7.8分获奖科幻动作《奇异博士》BD中英双字幕,ftp://ygdy8:ygdy8@y219.dydytt.net:8236/[阳光电影www.ygdy8.com].奇异博士.BD.720p.中英双字幕.mkv
2016年梁朝伟金城武陈奕迅杨颖《摆渡人》HD国粤双语中字,ftp://ygdy8:ygdy8@yg80.dydytt.net:9001/[阳光电影www.ygdy8.com].摆渡人.HD.720p.国粤双语中字.mkv
2016年8.4高分战争《血战钢锯岭》国英双语.BD中英双字幕,ftp://ygdy8:ygdy8@y153.dydytt.net:9206/[阳光电影www.ygdy8.com].血战钢锯岭.BD.720p.国英双语.中英双字幕.mkv
2016年7.7分惊悚《夜行动物》BD中英双字幕,ftp://ygdy8:ygdy8@y219.dydytt.net:8234/[阳光电影www.ygdy8.com].夜行动物.BD.720p.中英双字幕.mkv
2016年恐怖动作《黑夜传说5：血战》BD中英双字幕,ftp://ygdy8:ygdy8@y153.dydytt.net:9205/[阳光电影www.ygdy8.com].黑夜传说5：血战.HD.720p.中英双字幕.rmvb
2016年爱情喜剧《所以……和黑粉结婚了》BD国语中字,ftp://ygdy8:ygdy8@y219.dydytt.net:8233/[阳光电影www.ygdy8.com].所以……和黑粉结婚了.BD.720p.国语中字.mkv
2016年8.2分获奖剧情《海边的曼彻斯特》BD中英双字幕,ftp://ygdy8:ygdy8@y153.dydytt.net:9204/[阳光电影www.ygdy8.com].海边的曼彻斯特.BD.720p.中英双字幕.mkv
2017年动作《十字追杀令2》BD中英双字幕,ftp://ygdy8:ygdy8@y219.dydytt.net:8232/[阳光电影www.ygdy8.com].十字追杀令2.BD.720p.中英双字幕.mkv
2016年8.4分战争《血战钢锯岭》BD中英双字幕,ftp://ygdy8:ygdy8@y153.dydytt.net:8241/[阳光电影www.ygdy8.com].血战钢锯岭.BD.720p.中英双字幕.mkv
2016年7.7分惊悚《夜行动物》HD中英双字幕,ftp://ygdy8:ygdy8@y219.dydytt.net:9243/[阳光电影www.ygdy8.com].夜行动物.HD.720p.中英双字幕.rmvb
2016年7.8分获奖科幻动作《奇异博士》HD国语中字,ftp://ygdy8:ygdy8@y219.dydytt.net:8230/[阳光电影www.ygdy8.com].奇异博士.HD.1080p.国语中字.mkv
2016年郭富城杨子姗郝蕾《天亮之前》BD国粤双语中字,ftp://ygdy8:ygdy8@y219.dydytt.net:8227/[阳光电影www.ygdy8.com].天亮之前.BD.720p.国粤双语中字.mkv
2016年历史传记剧情《柏林孤影》BD中英双字幕,ftp://ygdy8:ygdy8@y219.dydytt.net:9242/[阳光电影www.ygdy8.com].柏林孤影.BD.720p.中英双字幕.mkv
2016年剧情悬疑《战前童年》BD中英双字幕,ftp://ygdy8:ygdy8@y153.dydytt.net:9201/[阳光电影www.ygdy8.com].战前童年.BD.720p.中英双字幕.mkv
2016年8.2分科幻剧情《降临》BD中英双字幕,ftp://ygdy8:ygdy8@y219.dydytt.net:9241/[阳光电影www.ygdy8.com].降临.BD.720p.中英双字幕.mkv
2016年战争剧情《比利・林恩的中场战事》BD中英双字幕,ftp://ygdy8:ygdy8@y153.dydytt.net:9200/[阳光电影www.ygdy8.com].比利・林恩的中场战事.BD.720p.中英双字幕.mkv
2016年7.7分奇幻剧情《怪物召唤》HD中英双字幕,ftp://ygdy8:ygdy8@y153.dydytt.net:9199/[阳光电影www.ygdy8.com].怪物召唤.HD.720p.中英双字幕.rmvb
2016年悬疑惊悚《路易・德拉克斯的第九条命》BD中英双字幕,ftp://ygdy8:ygdy8@y219.dydytt.net:9240/[阳光电影www.ygdy8.com].路易・德拉克斯的第九条命.BD.720p.中英双字幕.mkv
2016年动画《蜡笔小新：梦境世界大突击》BD国粤日三语中字,ftp://ygdy8:ygdy8@y219.dydytt.net:9239/[阳光电影www.ygdy8.com].蜡笔小新：梦境世界大突击.BD.720p.日国粤三语中字.mkv
2016年动作《热血街区电影版》BD日语中字,ftp://ygdy8:ygdy8@y153.dydytt.net:9198/[阳光电影www.ygdy8.com].热血街区电影版.BD.720p.日语中字.mkv
2016年剧情爱情《大洋之间的灯光》BD中英双字幕,ftp://ygdy8:ygdy8@y219.dydytt.net:9238/[阳光电影www.ygdy8.com].大洋之间的灯光.BD.720p.中英双字幕.mkv
2016年古装武侠动作《三少爷的剑》BD国语中字,ftp://ygdy8:ygdy8@y153.dydytt.net:9196/[阳光电影www.ygdy8.com].三少爷的剑.BD.720p.国语中字.mkv
2016年悬疑动作《冲天火》HD国语中字,ftp://ygdy8:ygdy8@y219.dydytt.net:8226/[阳光电影www.ygdy8.com].冲天火.HD.720p.国语中字.mkv
2016年犯罪喜剧《检察官外传》BD韩语中字,ftp://ygdy8:ygdy8@y153.dydytt.net:8235/[阳光电影www.ygdy8.com].检察官外传.BD.720p.韩语中字.mkv
2016年剧情喜剧《我不是潘金莲》HD国语中字,ftp://ygdy8:ygdy8@y153.dydytt.net:8234/[阳光电影www.ygdy8.com].我不是潘金莲.HD.720p.国语中字.mkv
2016年惊悚悬疑《少年》HD国语中字,ftp://ygdy8:ygdy8@y219.dydytt.net:8223/[阳光电影www.ygdy8.com].少年.HD.720p.国语中字.mkv
2016年动作《侠探杰克：永不回头》BD中英双字幕,ftp://ygdy8:ygdy8@y219.dydytt.net:8222/[阳光电影www.ygdy8.com].侠探杰克：永不回头.BD.720p.中英双字幕.mkv
2016年惊悚恐怖《天赐之女》BD中英双字幕,ftp://ygdy8:ygdy8@y219.dydytt.net:9236/[阳光电影www.ygdy8.com].天赐之女.BD.720p.中英双字幕.mkv
2016年战争剧情《仁川登陆作战》BD韩语中字,ftp://ygdy8:ygdy8@y153.dydytt.net:9193/[阳光电影www.ygdy8.com].仁川登陆作战.BD.720p.韩语中字.mkv
2016年惊悚动作《侠探杰克：永不回头》HD中英双字幕,ftp://ygdy8:ygdy8@y219.dydytt.net:9235/[阳光电影www.ygdy8.com].侠探杰克：永不回头.HD.720p.中英双字幕.rmvb
2016年张涵予彭于晏动作《湄公河行动》BD国语中字,ftp://ygdy8:ygdy8@y153.dydytt.net:9190/[阳光电影www.ygdy8.com].湄公河行动.BD.720p.国语中字.mkv
2016年动作喜剧《犯罪大师/最爆盗贼团》BD中英双字幕,ftp://ygdy8:ygdy8@y153.dydytt.net:9189/[阳光电影www.ygdy8.com].犯罪大师.BD.720p.中英双字幕.mkv
2016年动作《三少爷的剑》HD国语中字,ftp://ygdy8:ygdy8@y219.dydytt.net:8220/[阳光电影www.ygdy8.com].三少爷的剑.HD.720p.国语中字.mkv
2016年动作《王牌逗王牌/偷天特务》BD国粤双语中字,ftp://ygdy8:ygdy8@y153.dydytt.net:8232/[阳光电影www.ygdy8.com].王牌逗王牌.BD.720p.国粤双语中字.mkv
2016年惊悚动作《极速之巅》BD中文字幕,ftp://ygdy8:ygdy8@y219.dydytt.net:8218/[阳光电影www.ygdy8.com].极速之巅.BD.720p.中文字幕.rmvb
2016年惊悚《空尖弹》BD中英双字幕,ftp://ygdy8:ygdy8@y153.dydytt.net:8230/[阳光电影www.ygdy8.com].空尖弹.BD.720p.中英双字幕.mkv
2016年汤姆・汉克斯悬疑惊悚《但丁密码》BD中英双字幕,ftp://ygdy8:ygdy8@y153.dydytt.net:8226/[阳光电影www.ygdy8.com].但丁密码.BD.720p.中英双字幕.mkv
2016年惊悚悬疑《火车上的女孩》BD中英双字幕,ftp://ygdy8:ygdy8@y219.dydytt.net:8214/[阳光电影www.ygdy8.com].火车上的女孩.BD.720p.中英双字幕.mkv
2016年动作喜剧《邻家大贱谍》BD中英双字幕,ftp://ygdy8:ygdy8@y219.dydytt.net:8213/[阳光电影www.ygdy8.com].邻家大贱谍.BD.720p.中英双字幕.mkv
2016年倪妮霍建华爱情喜剧《28岁未成年》HD国语中字,ftp://ygdy8:ygdy8@y153.dydytt.net:9186/[阳光电影www.ygdy8.com].28岁未成年.HD.720p.国语中字.mkv
2016年科幻动作《钢铁骑士》BD中英双字幕,ftp://ygdy8:ygdy8@y153.dydytt.net:9184/[阳光电影www.ygdy8.com].钢铁骑士.BD.720p.中英双字幕.mkv
2016年冒险灾难《深海浩劫》BD中英双字幕,ftp://ygdy8:ygdy8@y219.dydytt.net:8207/[阳光电影www.ygdy8.com].深海浩劫.BD.720p.中英双字幕.mkv
2016年奇幻喜剧《大显神威》BD国语中字,ftp://ygdy8:ygdy8@y153.dydytt.net:9182/[阳光电影www.ygdy8.com].大显神威.BD.720p.国语中字.mkv
2016年剧情喜剧《销售奇姬》HD国语中字,ftp://ygdy8:ygdy8@y219.dydytt.net:8206/[阳光电影www.ygdy8.com].销售奇姬.HD.720p.国语中字.mkv
2016年动画冒险《航海王之黄金城》HD日语中字,ftp://ygdy8:ygdy8@y219.dydytt.net:8205/[阳光电影www.ygdy8.com].航海王之黄金城.HD.720p.日语中字.mkv
2016年7.5分惊悚动作《会计刺客》BD中英双字幕,ftp://ygdy8:ygdy8@y219.dydytt.net:8203/[阳光电影www.ygdy8.com].会计刺客.BD.720p.中英双字幕.mkv
2016年动画喜剧《哆啦A梦：新・大雄的日本诞生》BD国粤日三语中字,ftp://ygdy8:ygdy8@y153.dydytt.net:9174/[阳光电影www.ygdy8.com].哆啦A梦：新・大雄的日本诞生.BD.720p.国粤日三语中字.mkv
2016年动画喜剧《蜡笔小新：梦境世界大突击》HD国日双语中字,ftp://ygdy8:ygdy8@y219.dydytt.net:9229/[阳光电影www.ygdy8.com].蜡笔小新：梦境世界大突击.HD.720p.国日双语中字.mkv
2016年传记剧情《斯诺登》BD中英双字幕,ftp://ygdy8:ygdy8@y219.dydytt.net:9227/[阳光电影www.ygdy8.com].斯诺登.BD.720p.中英双字幕.mkv
2016年惊悚动作《釜山行/尸速列车》BD中文字幕,ftp://ygdy8:ygdy8@y153.dydytt.net:9172/[阳光电影www.ygdy8.com].釜山行.BD.720p.中文字幕.mkv
2016年高分纪录片《地球脉动2/行星地球2》BD中英双字幕,ftp://ygdy8:ygdy8@y219.dydytt.net:8201/[阳光电影www.ygdy8.com].地球脉动2.第一集.BD.720p.中英双字幕.mkv
2016年张涵予彭于晏动作《湄公河行动》HD国语中字,ftp://ygdy8:ygdy8@y153.dydytt.net:8222/[阳光电影www.ygdy8.com].湄公河行动.HD.720p.国语中字.mkv
2016年佟大为陈妍希喜剧《外公芳龄38》HD国语中字,ftp://ygdy8:ygdy8@y219.dydytt.net:9224/[阳光电影www.ygdy8.com].外公芳龄38.HD.720p.国语中字.rmvb
2016年喜剧《驴得水》HD国语中字,ftp://ygdy8:ygdy8@y219.dydytt.net:9223/[阳光电影www.ygdy8.com].驴得水.HD.720p.国语中字.rmvb
2016年奇幻动作《封神传奇/封神榜》BD国粤双语中字,ftp://ygdy8:ygdy8@y153.dydytt.net:8221/[阳光电影www.ygdy8.com].封神传奇.BD.720p.国粤双语中字.mkv
2016年剧情惊悚《导火新闻线》BD国粤双语中字,ftp://ygdy8:ygdy8@y219.dydytt.net:9220/[阳光电影www.ygdy8.com].导火新闻线.BD.720p.国粤双语中字.mkv
2016年刘青云谢霆锋悬疑动作《惊天破》BD国粤双语中字,ftp://ygdy8:ygdy8@y219.dydytt.net:9219/[阳光电影www.ygdy8.com].惊心破.BD.720p.国粤双语中字.mkv
2016年动画喜剧《逗鸟外传：萌宝满天飞》BD中英双字幕,ftp://ygdy8:ygdy8@y153.dydytt.net:8217/[阳光电影www.ygdy8.com].逗鸟外传：萌宝满天飞.BD.720p.中英双字幕.rmvb
2016年喜剧《BJ单身日记3/单身日记：好孕来袭》BD中英双字幕,ftp://ygdy8:ygdy8@y153.dydytt.net:8216/[阳光电影www.ygdy8.com].BJ单身日记3.BD.720p.中英双字幕.mkv
2016年邓超白百何《从你的全世界路过》HD国语中字,ftp://ygdy8:ygdy8@y153.dydytt.net:8215/[阳光电影www.ygdy8.com].从你的全世界路过.HD.720p.国语中字.rmvb
2016年刘青云古天乐动作《危城》国英双语.BD中英双字幕,ftp://ygdy8:ygdy8@y219.dydytt.net:8199/[阳光电影www.ygdy8.com].危城.BD.720p.国粤双语中字.mkv
2016年西部动作《豪勇七蛟龙》BD中英双字幕,ftp://ygdy8:ygdy8@y219.dydytt.net:8198/[阳光电影www.ygdy8.com].豪勇七蛟龙.BD.720p.中英双字幕.mkv
2016年霍建华秦海璐悬疑惊悚《捉迷藏》HD国语中字,ftp://ygdy8:ygdy8@y153.dydytt.net:9169/[阳光电影www.ygdy8.com].捉迷藏.HD.720p.国语中字.mkv
2016年史蒂文・席格动作《终结武器》BD中英双字幕,ftp://ygdy8:ygdy8@y219.dydytt.net:9217/[阳光电影www.ygdy8.com].终结武器.BD.720p.中英双字幕.mkv
2016年动作喜剧《辣警霸王花》BD国粤双语中字,ftp://ygdy8:ygdy8@y153.dydytt.net:9168/[阳光电影www.ygdy8.com].辣警霸王花.BD.720p.国粤双语中字.mkv
2016年动画喜剧《麦兜・饭宝奇兵》BD国粤双语中字,ftp://ygdy8:ygdy8@y219.dydytt.net:9216/[阳光电影www.ygdy8.com].麦兜・饭宝奇兵.BD.720p.国粤双语中字.mkv
2016年奇幻冒险《佩小姐的奇幻城堡》BD中英双字幕,ftp://ygdy8:ygdy8@y219.dydytt.net:9215/[阳光电影www.ygdy8.com].佩小姐的奇幻城堡.BD.720p.中英双字幕.rmvb
2016年汤姆・汉克斯高分获奖《萨利机长》BD中英双字幕,ftp://ygdy8:ygdy8@y153.dydytt.net:9166/[阳光电影www.ygdy8.com].萨利机长.BD.720p.中英双字幕.rmvb
2016年动作《毁灭者》BD中英双字幕,ftp://ygdy8:ygdy8@y219.dydytt.net:9214/[阳光电影www.ygdy8.com].毁灭者.BD.720p.中英双字幕.rmvb
2016年科幻惊悚《摩根/魔诡》BD中英双字幕,ftp://ygdy8:ygdy8@y153.dydytt.net:9165/[阳光电影www.ygdy8.com].摩根.BD.720p.中英双字幕.mkv
2016年剧情动作《反贪风暴2》BD国粤双语中字,ftp://ygdy8:ygdy8@y153.dydytt.net:9164/[阳光电影www.ygdy8.com].反贪风暴2.BD.720p.国粤双语中字.mkv
2016年动作《名侦探洪吉童：消失的村庄》BD中文字幕,ftp://ygdy8:ygdy8@y219.dydytt.net:9212/[阳光电影www.ygdy8.com].名侦探洪吉童：消失的村庄.BD.720p.韩语中字.rmvb
2016年冒险剧情《宾虚/宾汉》BD中英双字幕,ftp://ygdy8:ygdy8@y219.dydytt.net:9211/[阳光电影www.ygdy8.com].宾虚(2016版).BD.720p.中英双字幕.mkv
2016年冒险动作喜剧《自杀小队加长版》BD中英双字幕,ftp://ygdy8:ygdy8@y153.dydytt.net:8212/[阳光电影www.ygdy8.com].自杀小队加长版.BD.720p.中英双字幕.mkv
2016年高分惊悚恐怖《屏住呼吸/禁室杀戮》BD中英双字幕,ftp://ygdy8:ygdy8@y219.dydytt.net:9210/[阳光电影www.ygdy8.com].屏住呼吸.BD.720p.中英双字幕.mkv
2016年奇幻冒险《圆梦巨人》国英双语.BD中英双字幕,ftp://ygdy8:ygdy8@y153.dydytt.net:8210/[阳光电影www.ygdy8.com].圆梦巨人.BD.720p.国英双语.中英双字幕.mkv
2016年西部惊悚《亡命徒与天使》BD中英双字幕,ftp://ygdy8:ygdy8@y219.dydytt.net:9207/[阳光电影www.ygdy8.com].亡命徒与天使.BD.720p.中英双字幕.rmvb
2016年惊悚《真相背后》BD中英双字幕,ftp://ygdy8:ygdy8@y219.dydytt.net:9206/[阳光电影www.ygdy8.com].真相背后.BD.720p.中英双字幕.mkv
2016年惊悚恐怖《致命邻居》BD中英双字幕,ftp://ygdy8:ygdy8@y153.dydytt.net:9161/[阳光电影www.ygdy8.com].致命邻居.BD.720p.中英双字幕.rmvb
2016年惊悚动作《谍影重重5》国英双语.BD中英双字幕,ftp://ygdy8:ygdy8@y153.dydytt.net:9160/[阳光电影www.ygdy8.com].谍影重重5.BD.720p.国英双语.中英双字幕.mkv
2016年惊悚动作《谍影重重5》BD中英双字幕,ftp://ygdy8:ygdy8@y219.dydytt.net:9200/[阳光电影www.ygdy8.com].谍影重重5.BD.720p.中英双字幕.mkv
2016年动作喜剧《自杀小队加长版》HD中英双字幕,ftp://ygdy8:ygdy8@y153.dydytt.net:9155/[阳光电影www.ygdy8.com].自杀小队(加长版).HD.720p.中英双字幕.rmvb
2016年剧情爱情《六弄咖啡馆》BD国语中字,ftp://ygdy8:ygdy8@y153.dydytt.net:9154/[阳光电影www.ygdy8.com].六弄咖啡馆.BD.720p.国语中字.mkv
2016年剧情爱情《六弄咖啡馆》BD国语中字,ftp://ygdy8:ygdy8@y153.dydytt.net:9154/[阳光电影www.ygdy8.com].六弄咖啡馆.BD.720p.国语中字.mkv
2016年冒险动作《自杀小队》HD中英双字幕,ftp://ygdy8:ygdy8@y153.dydytt.net:9153/[阳光电影www.ygdy8.com].自杀小队.HD.720p.中英双字幕.rmvb
2016年喜剧《军火贩》BD中英双字幕,ftp://ygdy8:ygdy8@y219.dydytt.net:8196/[阳光电影www.ygdy8.com].军火贩.BD.720p.中英双字幕.rmvb
2016年动作《机械师2：复活》BD中英双字幕,ftp://ygdy8:ygdy8@y219.dydytt.net:8193/[阳光电影www.ygdy8.com].机械师2：复活.BD.720p.中英双字幕.rmvb
2016年8.2高分冒险动画《久保与二弦琴》BD中英双字幕,ftp://ygdy8:ygdy8@y153.dydytt.net:9150/[阳光电影www.ygdy8.com].久保与二弦琴.BD.720p.中英双字幕.rmvb
2016年8.1高分犯罪剧情《赴汤蹈火》BD中英双字幕,ftp://ygdy8:ygdy8@y219.dydytt.net:8192/[阳光电影www.ygdy8.com].赴汤蹈火.BD.720p.中英双字幕.rmvb
2016年奇幻爱情喜剧《大话西游3》BD国粤双语中字,ftp://ygdy8:ygdy8@y153.dydytt.net:9149/[阳光电影www.ygdy8.com].大话西游3.BD.720p.国粤双语中字.mkv
2016年动画喜剧《爱宠大机密》英国粤三语.BD中英双字幕,ftp://ygdy8:ygdy8@y219.dydytt.net:8191/[阳光电影www.ygdy8.com].爱宠大机密.BD.720p.英国粤三语.中英双字幕.mkv
2016年悬疑动画《名侦探柯南：纯黑的噩梦》BD中文字幕,ftp://ygdy8:ygdy8@y153.dydytt.net:8203/[阳光电影www.ygdy8.com].名侦探柯南：纯黑的噩梦.BD.720p.日语中字.rmvb
2016年张学友林嘉欣《暗色天堂》BD国粤双语中字,ftp://ygdy8:ygdy8@y219.dydytt.net:9198/[无极电影-www.wujidy.com].暗色天堂.BD.720p.国粤双语中字.mkv
2016年剧情爱情《六弄咖啡馆》HD国语中字,ftp://ygdy8:ygdy8@y219.dydytt.net:8186/[无极电影-www.wujidy.com].六弄咖啡馆.HD.720p.国语中字.rmvb
2016年惊悚动作《谍影重重5》HD中英双字幕,ftp://ygdy8:ygdy8@y219.dydytt.net:9197/[阳光电影www.ygdy8.com].谍影重重5.HD.720p.中英双字幕.rmvb
2016年动画《海底总动员2：多莉去哪儿》国英双语.BD中英双字,ftp://ygdy8:ygdy8@y153.dydytt.net:8200/[阳光电影www.ygdy8.com].海底总动员2：多莉去哪儿.BD.720p.国英双语.中英双字幕.mkv
2016年惊悚《魔宫魅影/魔都18号》BD国语中字,ftp://ygdy8:ygdy8@y219.dydytt.net:8183/[阳光电影www.ygdy8.com].魔宫魅影.BD.720p.国语中字.rmvb
2016年犯罪动作《使徒行者》BD国粤双语中字,ftp://ygdy8:ygdy8@y219.dydytt.net:8182/[阳光电影www.ygdy8.com].使徒行者.BD.720p.国粤双语中字.mkv
2016年周冬雨马思纯《七月与安生》HD国语中字,ftp://ygdy8:ygdy8@y153.dydytt.net:8199/[阳光电影www.ygdy8.com].七月与安生.HD.720p.国语中字.rmvb
2016年奇幻冒险《圆梦巨人》HD中英双字幕,ftp://ygdy8:ygdy8@y153.dydytt.net:8198/[阳光电影www.ygdy8.com].圆梦巨人.HD.720p.中英双字幕.rmvb
2016年剧情喜剧《追凶者也》HD国语中字,ftp://ygdy8:ygdy8@y153.dydytt.net:9145/[阳光电影www.ygdy8.com].追凶者也.HD.720p.国语中字.rmvb
2016年动画《冰川时代5：星际碰撞》英国粤三语.BD中英双字幕,ftp://ygdy8:ygdy8@y153.dydytt.net:9144/[阳光电影www.ygdy8.com].冰川时代5：星际碰撞.BD.720p.国粤英三语.中英双字幕.mkv
2016年悬疑剧情《黑处有什么》HD国语中字,ftp://ygdy8:ygdy8@y153.dydytt.net:9143/[阳光电影www.ygdy8.com].黑处有什么.HD.720p.国语中字.mkv
2016年惊悚《绝对统治/统治权》BD中英双字幕,ftp://ygdy8:ygdy8@y219.dydytt.net:9192/[阳光电影www.ygdy8.com].绝对统治.BD.720p.中英双字幕.rmvb
2016年动画喜剧《香肠派对》BD中英双字幕,ftp://ygdy8:ygdy8@y153.dydytt.net:8195/[阳光电影www.ygdy8.com].香肠派对.BD.720p.中英双字幕.rmvb
2016年动作《寒战2/寒战II》BD国粤双语中字,ftp://ygdy8:ygdy8@y219.dydytt.net:8177/[阳光电影www.ygdy8.com].寒战2.BD.720p.国粤双语中字.mkv
2016年惊悚《类人猿行动》BD中英双字幕,ftp://ygdy8:ygdy8@y153.dydytt.net:8194/[阳光电影www.ygdy8.com].类人猿行动.BD.720p.中英双字幕.rmvb
2016年战争《我的战争》HD国语中字,ftp://ygdy8:ygdy8@y219.dydytt.net:9191/[阳光电影www.ygdy8.com].我的战争.HD.720p.国语中字.rmvb
2016年动作喜剧《绝地逃亡》BD中英双字幕,ftp://ygdy8:ygdy8@y153.dydytt.net:9141/[阳光电影www.ygdy8.com].绝地逃亡.BD.720p.中英双字幕.mkv
2016年动画喜剧《麦兜・饭宝奇兵》BD国粤双语中字,ftp://ygdy8:ygdy8@y219.dydytt.net:8176/[阳光电影www.ygdy8.com].麦兜・饭宝奇兵.BD.720p.国粤双语中字.mkv
2016年科幻动作《星际迷航3：超越星辰》BD中英双字幕,ftp://ygdy8:ygdy8@y219.dydytt.net:8175/[阳光电影www.ygdy8.com].星际迷航3：超越星辰.BD.720p.中英双字幕.mkv
2016年8.0高分剧情喜剧《神奇队长》BD中英双字幕,ftp://ygdy8:ygdy8@y153.dydytt.net:9139/[阳光电影www.ygdy8.com].神奇队长.BD.720p.中英双字幕.rmvb
2016年奇幻喜剧《大话西游3》HD国语中字,ftp://ygdy8:ygdy8@y219.dydytt.net:8173/[阳光电影www.ygdy8.com].大话西游3.HD.720p.国语中字.mkv
2016年冒险惊悚《玩命直播》BD中英双字幕,ftp://ygdy8:ygdy8@y153.dydytt.net:9137/[阳光电影www.ygdy8.com].玩命直播.BD.720p.中英双字幕.rmvb
2016年科幻动作《独立日：卷土重来》BD中英双字幕,ftp://ygdy8:ygdy8@y153.dydytt.net:9134/[阳光电影www.ygdy8.com].独立日：卷土重来.BD.720p.中英双字幕.mkv
2016年冒险动作《最后的王》BD中英双字幕,ftp://ygdy8:ygdy8@y219.dydytt.net:8169/[阳光电影www.ygdy8.com].最后的王.BD.720p.中英双字幕.rmvb
2016年动画喜剧《冰川时代5：星际碰撞》BD中英双字幕,ftp://ygdy8:ygdy8@y219.dydytt.net:8166/[阳光电影www.ygdy8.com].冰川时代5：星际碰撞.BD.720p.中英双字幕.mkv
2016年动作《泰山归来：险战丛林》BD国英双语双字,ftp://ygdy8:ygdy8@y153.dydytt.net:9132/[阳光电影www.ygdy8.com].泰山归来：险战丛林.BD.720p.国英双语.中英双字幕.mkv
2016年犯罪剧情传记《潜伏者》BD中英双字幕,ftp://ygdy8:ygdy8@yg09.dydytt.net:6001/[阳光电影www.ygdy8.com].潜伏者.BD.720p.中英双字幕.rmvb
2016年动作喜剧《赏金猎人》BD国粤双语中字,ftp://ygdy8:ygdy8@y219.dydytt.net:8163/[阳光电影www.ygdy8.com].赏金猎人.BD.720p.国粤双语中字.mkv
2016年奇幻动画《大鱼海棠》HD国语中字,ftp://ygdy8:ygdy8@y153.dydytt.net:9129/[阳光电影www.ygdy8.com].大鱼海棠.HD.720p.国语中字.mkv
2016年动作《使徒行者》HD国语中字,ftp://ygdy8:ygdy8@y219.dydytt.net:8162/[阳光电影www.ygdy8.com].使徒行者.HD.720p.国语中字.rmvb
2016年获奖剧情《喊・山/喊山》HD国语中字,ftp://ygdy8:ygdy8@y153.dydytt.net:8190/[阳光电影www.ygdy8.com].喊・山.HD.720p.国语中字.rmvb
2016年奇幻《爱丽丝梦游仙境2：镜中奇遇记》国英双语BD中英双字幕,ftp://ygdy8:ygdy8@y219.dydytt.net:8160/[阳光电影www.ygdy8.com].爱丽丝梦游仙境2：镜中奇遇记.BD.720p.国英双语.中英双字幕.mkv
2016年科幻喜剧《超能敢死队加长版》BD中英双字幕,ftp://ygdy8:ygdy8@y153.dydytt.net:8188/[阳光电影www.ygdy8.com].超能敢死队加长版.BD.720p.中英双字幕.rmvb
2016年科幻动作喜剧《超能敢死队》HD中英双字幕,ftp://ygdy8:ygdy8@y219.dydytt.net:9185/[阳光电影www.ygdy8.com].超能敢死队.HD.720p.中英双字幕.rmvb
2016年科幻动画《最终幻想15：王者之剑》BD中英双字幕,ftp://ygdy8:ygdy8@y153.dydytt.net:8185/[阳光电影www.ygdy8.com].最终幻想15：王者之剑.BD.720p.中英双字幕.rmvb
2016年冒险喜剧《瑞士军刀男》BD中英双字幕,ftp://ygdy8:ygdy8@y219.dydytt.net:9184/[阳光电影www.ygdy8.com].瑞士军刀男.BD.720p.中英双字幕.rmvb
2016年成龙动作喜剧《绝地逃亡》HD国语中字,ftp://ygdy8:ygdy8@y219.dydytt.net:8158/[阳光电影www.ygdy8.com].绝地逃亡.HD.720p.国语中字.rmvb
2016年科幻动作《人类清除计划3》BD中英双字幕,ftp://ygdy8:ygdy8@y153.dydytt.net:9126/[阳光电影www.ygdy8.com].人类清除计划3.BD.720p.中英双字幕.rmvb
2016年井柏然杨颖《微微一笑很倾城》HD国语中字,ftp://ygdy8:ygdy8@y219.dydytt.net:9181/[阳光电影www.ygdy8.com].微微一笑很倾城.HD.720p.国语中字.rmvb
2016年奇幻《爱丽丝梦游仙境2：镜中奇遇记》HD中英双字幕,ftp://ygdy8:ygdy8@y153.dydytt.net:9123/[阳光电影www.ygdy8.com].爱丽丝梦游仙境2：镜中奇遇记.HD.720p.中英双字幕.rmvb
2016年奇幻悬疑动作《盗墓笔记》HD国语中字,ftp://ygdy8:ygdy8@y219.dydytt.net:9180/[阳光电影www.ygdy8.com].盗墓笔记.HD.720p.国语中字.rmvb
2016年科幻《X战警：天启》国英双语BD中英双字,ftp://ygdy8:ygdy8@y153.dydytt.net:9122/[阳光电影www.ygdy8.com].X战警：天启.BD.720p.国英双语.中英双字幕.mkv
2016年动作喜剧《乌龙特工/中央情报局》BD中英双字幕,ftp://ygdy8:ygdy8@y153.dydytt.net:9120/[阳光电影www.ygdy8.com].乌龙特工.BD.720p.中英双字幕.rmvb
2016年刘青云古天乐动作《危城》HD国语中字,ftp://ygdy8:ygdy8@y219.dydytt.net:9177/[阳光电影www.ygdy8.com].危城.HD.720p.国语中字.rmvb
2016年动作《寒战2/寒战II》BD国粤双语中字,ftp://ygdy8:ygdy8@y219.dydytt.net:8156/[阳光电影www.ygdy8.com].寒战2.HD.720p.国粤双语中字.mkv
2016年犯罪动作《三人行》BD国粤双语中字,ftp://ygdy8:ygdy8@y219.dydytt.net:8155/[阳光电影www.ygdy8.com].三人行.BD.720p.国粤双语中字.mkv
2016年喜剧《那件疯狂的小事叫爱情》HD国语中字,ftp://ygdy8:ygdy8@y153.dydytt.net:9118/[阳光电影www.ygdy8.com].那件疯狂的小事叫爱情.HD.720p.国语中字.rmvb
2016年奇幻动作《魔兽》BD中英双字幕,ftp://ygdy8:ygdy8@y153.dydytt.net:9117/[阳光电影www.ygdy8.com].魔兽.BD.720p.中英双字幕.rmvb
2016年传记剧情《琼斯的自由国度》BD中英双字幕,ftp://ygdy8:ygdy8@y219.dydytt.net:8153/[阳光电影www.ygdy8.com].琼斯的自由国度.BD.720p.中英双字幕.rmvb
2016年惊悚《鲨滩/绝鲨岛》BD中英双字幕,ftp://ygdy8:ygdy8@y219.dydytt.net:8152/[阳光电影www.ygdy8.com].鲨滩.BD.720p.中英双字幕.rmvb
2016年周冬雨爱情《谎言西西里》HD国语中字,ftp://ygdy8:ygdy8@y153.dydytt.net:9116/[阳光电影www.ygdy8.com].谎言西西里.HD.720p.国语中字.rmvb
2016年科幻动作《X战警：天启》BD中英双字幕,ftp://ygdy8:ygdy8@y153.dydytt.net:9115/[阳光电影www.ygdy8.com].X战警：天启.BD.720p.中英双字幕.rmvb
2016年科幻动作《忍者神龟2：破影而出》BD中英双字幕,ftp://ygdy8:ygdy8@y219.dydytt.net:8150/[阳光电影www.ygdy8.com].忍者神龟2：破影而出.BD.720p.中英双字幕.rmvb
2016年奇幻动作《封神传奇》HD国语中字,ftp://ygdy8:ygdy8@y219.dydytt.net:8149/[阳光电影www.ygdy8.com].封神传奇.HD.720p.国语中字.rmvb
2016年动画喜剧《爱宠大机密》HD中英双字幕,ftp://ygdy8:ygdy8@y153.dydytt.net:9113/[阳光电影www.ygdy8.com].爱宠大机密.HD.720p.中英双字幕.rmvb
2016年惊悚《我们这种叛徒》BD中英双字幕,ftp://ygdy8:ygdy8@y153.dydytt.net:9112/[阳光电影www.ygdy8.com].我们这种叛徒.BD.720p.中英双字幕.rmvb
2016年惊悚《惊天大逆转》HD国语中字,ftp://ygdy8:ygdy8@y219.dydytt.net:9172/[阳光电影www.ygdy8.com].惊天大逆转.HD.720p.国语中字.rmvb
2016年郭富城主演《天亮之前》HD国语中字,ftp://ygdy8:ygdy8@y219.dydytt.net:9171/[阳光电影www.ygdy8.com].天亮之前.HD.720p.国语中字.rmvb
2016年喜剧《宝贝当家/小鬼当家》HD国语中字,ftp://ygdy8:ygdy8@y153.dydytt.net:9109/[阳光电影www.ygdy8.com].宝贝当家.HD.720p.国语中字.rmvb
2016年惊悚恐怖《霓虹恶魔》BD中英双字幕,ftp://ygdy8:ygdy8@y153.dydytt.net:8179/[阳光电影www.ygdy8.com].霓虹恶魔.BD.720p.中英双字幕.rmvb
2016年科幻动画《最终幻想15：王者之剑》HD中英双字幕,ftp://ygdy8:ygdy8@y153.dydytt.net:8178/[阳光电影www.ygdy8.com].最终幻想15：王者之剑.HD.720p.中英双字幕.rmvb
2016年科幻动作《忍者神龟2：破影而出》HD中文字幕,ftp://ygdy8:ygdy8@y219.dydytt.net:8145/[阳光电影www.ygdy8.com].忍者神龟2：破影而出.HD.720p.中文字幕.rmvb
2016年8.2高分科幻动作《美国队长3》BD中英双字幕,ftp://ygdy8:ygdy8@y219.dydytt.net:8144/[阳光电影www.ygdy8.com].美国队长3.BD.720p.中英双字幕.rmvb
2016年7.8高分悬疑恐怖《招魂2》BD中英双字幕,ftp://ygdy8:ygdy8@y219.dydytt.net:9168/[阳光电影www.ygdy8.com].招魂2.BD.720p.中英双字幕.rmvb
2016年动画喜剧《鲁滨逊漂流记》BD中英双字幕,ftp://ygdy8:ygdy8@y153.dydytt.net:8175/[阳光电影www.ygdy8.com].鲁滨逊漂流记.BD.720p.中英双字幕.rmvb
2015年高分传记剧情《知无涯者》BD中英双字幕,ftp://ygdy8:ygdy8@y219.dydytt.net:9167/[阳光电影www.ygdy8.com].知无涯者.BD.720p.中英双字幕.rmvb
2016年喜剧《邻居大战2：姐妹会崛起》BD中英双字幕,ftp://ygdy8:ygdy8@y219.dydytt.net:8142/[阳光电影www.ygdy8.com].邻居大战2：姐妹会崛起.BD.720p.中英双字幕.rmvb
2016年爱情喜剧《绑架丁丁当》BD国粤双语中字,ftp://ygdy8:ygdy8@y153.dydytt.net:9106/[阳光电影www.ygdy8.com].绑架丁丁当.BD.720p.国粤双语中字.mkv
2016年爱情喜剧《北京遇上西雅图之不二情书》BD国语中字,ftp://ygdy8:ygdy8@y153.dydytt.net:8174/[阳光电影www.ygdy8.com].北京遇上西雅图之不二情书.BD.720p.国语中字.rmvb
2016年科幻动作《独立日：卷土重来》HD国英双语中字,ftp://ygdy8:ygdy8@y219.dydytt.net:8141/[阳光电影www.ygdy8.com].独立日：卷土重来.HD.720p.国英双语中字.mkv
2016年动画喜剧《超能太阳鸭》HD国英双语中字,ftp://ygdy8:ygdy8@y153.dydytt.net:8172/[阳光电影www.ygdy8.com].超能太阳鸭.HD.720p.国英双语中字.mkv
2016年动作《惊天魔盗团2》BD中英双字幕,ftp://ygdy8:ygdy8@y219.dydytt.net:9165/[阳光电影www.ygdy8.com].惊天魔盗团2.BD.720p.中英双字幕.rmvb
2016年爱情《遇见你之前》BD中英双字幕,ftp://ygdy8:ygdy8@y153.dydytt.net:8170/[阳光电影www.ygdy8.com].遇见你之前.BD.720p.中英双字幕.rmvb
2016年剧情《关键判决/证供》BD中英双字幕,ftp://ygdy8:ygdy8@y219.dydytt.net:9164/[阳光电影www.ygdy8.com].关键判决.BD.720p.中英双字幕.rmvb
2015年喜剧《麦吉的计划》BD中英双字幕,ftp://ygdy8:ygdy8@y153.dydytt.net:8169/[阳光电影www.ygdy8.com].麦吉的计划.BD.720p.中英双字幕.rmvb
2016年动作《突袭国庆日》BD中英双字幕,ftp://ygdy8:ygdy8@y219.dydytt.net:9162/[阳光电影www.ygdy8.com].突袭国庆日.BD.720p.中英双字幕.rmvb
2016年剧情《百鸟朝凤》HD国语中字,ftp://ygdy8:ygdy8@y153.dydytt.net:8167/[阳光电影www.ygdy8.com].百鸟朝凤.HD.720p.国语中字.rmvb
2016年爱情喜剧《陆��知马俐》HD国语中字,ftp://ygdy8:ygdy8@y153.dydytt.net:8166/[阳光电影www.ygdy8.com].陆��知马俐.HD.720p.国语中字.rmvb
2016年悬疑惊悚《魔都凶音》HD国语中字,ftp://ygdy8:ygdy8@y219.dydytt.net:9161/[阳光电影www.ygdy8.com].魔都凶音.HD.720p.国语中字.rmvb
2016年惊悚《金钱怪兽/凶钱直击》BD中英双字幕,ftp://ygdy8:ygdy8@y219.dydytt.net:9158/[阳光电影www.ygdy8.com].金钱怪兽.BD.720p.中英双字幕.rmvb
2016年动作喜剧《快手枪手快枪手》HD国语中字,ftp://ygdy8:ygdy8@y219.dydytt.net:9157/[阳光电影www.ygdy8.com].快手枪手快枪手.HD.720p.国语中字.rmvb
2016年惊悚恐怖《梦醒之前/鬼撕眠》BD中英双字幕,ftp://ygdy8:ygdy8@y153.dydytt.net:8162/[阳光电影www.ygdy8.com].梦醒之前.BD.720p.中英双字幕.rmvb
2016年动作喜剧《耐撕侦探》BD中英双字幕,ftp://ygdy8:ygdy8@y219.dydytt.net:9153/[阳光电影www.ygdy8.com].耐撕侦探.BD.720p.中英双字幕.rmvb
2016年高分奇幻《奇幻森林》国英双语.BD中英双字幕,ftp://ygdy8:ygdy8@y153.dydytt.net:8158/[阳光电影www.ygdy8.com].奇幻森林.BD.720p.国英双语.中英双字幕.mkv
2016年科幻恐怖《病毒》BD中英双字幕,ftp://ygdy8:ygdy8@y219.dydytt.net:8138/[阳光电影www.ygdy8.com].病毒.BD.720p.中英双字幕.rmvb
2016年奇幻冒险《奇幻森林》BD中英双字幕,ftp://ygdy8:ygdy8@y219.dydytt.net:8137/[阳光电影www.ygdy8.com].奇幻森林.BD.720p.中英双字幕.rmvb
2016年科幻动作《验收测试》BD中英双字幕,ftp://ygdy8:ygdy8@y219.dydytt.net:9152/[阳光电影www.ygdy8.com].验收测试.BD.720p.中英双字幕.rmvb
2016年爱情动作《为爱叛逆/反叛者》BD中英双字幕,ftp://ygdy8:ygdy8@y153.dydytt.net:8155/[阳光电影www.ygdy8.com].为爱叛逆.BD.720p.中英双字幕.rmvb
2016年惊悚《凛冬边缘》BD中英双字幕,ftp://ygdy8:ygdy8@y219.dydytt.net:8136/[阳光电影www.ygdy8.com].凛冬边缘.BD.720p.中英双字幕.rmvb
2016年奇幻动作《魔兽》HD中英双字幕,ftp://ygdy8:ygdy8@y219.dydytt.net:8134/[阳光电影www.ygdy8.com].魔兽.HD.720p.中英双字幕.rmvb
2016年动画喜剧《愤怒的小鸟》英国粤三语.BD中英双字幕,ftp://ygdy8:ygdy8@y153.dydytt.net:9100/[阳光电影www.ygdy8.com].愤怒的小鸟.BD.720p.英国粤三语.中英双字幕.mkv
2016年剧情《海伦娜之路/决斗》BD中英双字幕,ftp://ygdy8:ygdy8@y219.dydytt.net:9150/[阳光电影www.ygdy8.com].海伦娜之路.BD.720p.中英双字幕.rmvb
2016年奇幻动作《猎神：冬日之战 加长版》BD中英双字幕,ftp://ygdy8:ygdy8@y219.dydytt.net:8133/[阳光电影www.ygdy8.com].猎神：冬日之战.BD.720p.中英双字幕.rmvb
2016年汤姆・汉克斯喜剧《国王的全息图》BD中英双字幕,ftp://ygdy8:ygdy8@y153.dydytt.net:9099/[阳光电影www.ygdy8.com].国王的全息图.BD.720p.中英双字幕.rmvb
2016年喜剧《基努猫》BD中英双字幕,ftp://ygdy8:ygdy8@y153.dydytt.net:8151/[阳光电影www.ygdy8.com].基努猫.BD.720p.中英双字幕.rmvb
2016年动作《玩命警探7》BD中文字幕,ftp://ygdy8:ygdy8@y219.dydytt.net:9147/[阳光电影www.ygdy8.com].玩命警探7.BD.720p.中文字幕.rmvb
2016年喜剧《我盛大的希腊婚礼2》BD中英双字幕,ftp://ygdy8:ygdy8@y219.dydytt.net:9146/[阳光电影www.ygdy8.com].我盛大的希腊婚礼2.BD.720p.中英双字幕.rmvb
2016年悬疑剧情《曼哈顿夜曲》BD中英双字幕,ftp://ygdy8:ygdy8@y153.dydytt.net:9095/[阳光电影www.ygdy8.com].曼哈顿夜曲.BD.720p.中英双字幕.rmvb
2015年剧情动作《老炮儿》BD国语中字,ftp://ygdy8:ygdy8@y219.dydytt.net:8129/[阳光电影www.ygdy8.com].老炮儿.BD.720p.国语中字.rmvb
2016年杜琪峰执导动作《三人行》HD国语中字,ftp://ygdy8:ygdy8@y153.dydytt.net:9094/[阳光电影www.ygdy8.com].三人行.HD.720p.国语中字.rmvb
2016年喜剧《母亲节/幸福百分百》BD中英双字幕,ftp://ygdy8:ygdy8@y219.dydytt.net:8127/[阳光电影www.ygdy8.com].母亲节.BD.720p.中英双字幕.rmvb
2015年惊悚动作《夺命交易员》BD中英双字幕,ftp://ygdy8:ygdy8@y219.dydytt.net:8125/[阳光电影www.ygdy8.com].夺命交易员.BD.720p.中英双字幕.rmvb
2015年爱情《陪安东尼度过漫长岁月》BD国语中字,ftp://ygdy8:ygdy8@y153.dydytt.net:9091/[阳光电影www.ygdy8.com].陪安东尼度过漫长岁月.BD.720p.国语中字.rmvb
2016年惊悚动作《超脑48小时》BD中英双字幕,ftp://ygdy8:ygdy8@y219.dydytt.net:8122/[阳光电影www.ygdy8.com].超脑48小时.BD.720p.中英双字幕.rmvb
2016年喜剧《老板/恶魔波士》BD中英双字幕,ftp://ygdy8:ygdy8@y153.dydytt.net:9089/[阳光电影www.ygdy8.com].老板.BD.720p.中英双字幕.rmvb
2016年动作《我的特工爷爷》BD国粤双语中字,ftp://ygdy8:ygdy8@y219.dydytt.net:8120/[阳光电影www.ygdy8.com].我的特工爷爷.BD.720p.国粤双语中字.mkv
2016年悬疑《我要复仇》BD中文字幕,ftp://ygdy8:ygdy8@y153.dydytt.net:9087/[阳光电影www.ygdy8.com].我要复仇.BD.720p.中文字幕.rmvb
2016年科幻动作《硬核亨利/爆机特攻》BD中英双字幕,ftp://ygdy8:ygdy8@y219.dydytt.net:8119/[阳光电影www.ygdy8.com].硬核亨利.BD.720p.中英双字幕.rmvb
2015年获奖剧情《特朗勃/好莱坞的黑名单》BD中英双字幕,ftp://ygdy8:ygdy8@y219.dydytt.net:8116/[阳光电影www.ygdy8.com].特朗勃.BD.720p.中英双字幕.rmvb
2016年刘亦菲主演爱情《夜孔雀》HD国语中字,ftp://ygdy8:ygdy8@y153.dydytt.net:9083/[阳光电影www.ygdy8.com].夜孔雀.HD.720p.国语中字.rmvb
2016年高分剧情《初恋这首情歌》BD中英双字幕,ftp://ygdy8:ygdy8@y219.dydytt.net:8112/[阳光电影www.ygdy8.com].初恋这首情歌.BD.720p.中英双字幕.rmvb
2016年历史喜剧《猫王与尼克松》BD中英双字幕,ftp://ygdy8:ygdy8@y153.dydytt.net:8140/[阳光电影www.ygdy8.com].猫王与尼克松.BD.720p.中英双字幕.rmvb
2016年科幻动作《分歧者3：忠诚世界》BD中英双字幕,ftp://ygdy8:ygdy8@y219.dydytt.net:9135/[阳光电影www.ygdy8.com].分歧者3：忠诚世界.BD.720p.中英双字幕.rmvb
2016年动作喜剧《刑警兄弟》BD国粤双语中字,ftp://ygdy8:ygdy8@y153.dydytt.net:8134/[阳光电影www.ygdy8.com].刑警兄弟.BD.720p.国粤双语中字.mkv
2016年动作《蝙蝠侠大战超人：正义黎明 导演剪辑版》HD中英双字幕,ftp://ygdy8:ygdy8@y153.dydytt.net:9078/[阳光电影www.ygdy8.com].蝙蝠侠大战超人：正义黎明(导演剪辑版).HD.720p.中英双字幕.rmvb
2015年惊悚动作《记忆迷局》BD中英双字幕,ftp://ygdy8:ygdy8@y219.dydytt.net:8105/[阳光电影www.ygdy8.com].记忆迷局.BD.720p.中英双字幕.rmvb
2016年动作《荣耀法则/荣誉代码》BD中英双字幕,ftp://ygdy8:ygdy8@y219.dydytt.net:8104/[阳光电影www.ygdy8.com].荣耀法则.BD.720p.中英双字幕.rmvb
2015年获奖剧情《幻梦墓园》BD中文字幕,ftp://ygdy8:ygdy8@y219.dydytt.net:9133/[阳光电影www.ygdy8.com].幻梦墓园.BD.720p.中文字幕.rmvb
2016年惊悚动作《超脑48小时》HD国英双语中字,ftp://ygdy8:ygdy8@y219.dydytt.net:9132/[阳光电影www.ygdy8.com].超脑48小时.HD.720p.国英双语中字.mkv
2016年动作喜剧《澳门风云3》BD国粤双语中字,ftp://ygdy8:ygdy8@y153.dydytt.net:8132/[阳光电影www.ygdy8.com].澳门风云3.BD.720p.国粤双语中字.mkv
2016年惊悚《树大招风》BD国粤双语中字,ftp://ygdy8:ygdy8@y153.dydytt.net:8131/[阳光电影www.ygdy8.com].树大招风.BD.720p.国粤双语中字.mkv
2016年喜剧《我的老婆是明星》BD国粤双语中字,ftp://ygdy8:ygdy8@y153.dydytt.net:8130/[阳光电影www.ygdy8.com].我的老婆是明星.BD.720p.国粤双语中字.mkv
2016年历史剧情《大唐玄奘》HD国语中字,ftp://ygdy8:ygdy8@y219.dydytt.net:8103/[阳光电影www.ygdy8.com].大唐玄奘.HD.720p.国语中字.rmvb
2015年喜剧《破碎人生》BD中英双字幕,ftp://ygdy8:ygdy8@y219.dydytt.net:9129/[阳光电影www.ygdy8.com].破碎人生.HD.720p.中英双字幕.rmvb
2016年喜剧《老爸上战场》BD中英双字幕,ftp://ygdy8:ygdy8@y153.dydytt.net:8128/[阳光电影www.ygdy8.com].老爸上战场.BD.720p.中英双字幕.rmvb
2016年喜剧《威士忌、探戈、狐步舞》BD中英双字幕,ftp://ygdy8:ygdy8@y153.dydytt.net:8127/[阳光电影www.ygdy8.com].威士忌、探戈、狐步舞.HD.720p.中英双字幕.rmvb
2016年爱情喜剧《北京遇上西雅图之不二情书》HD国语中字,ftp://ygdy8:ygdy8@y219.dydytt.net:8100/[阳光电影www.ygdy8.com].北京遇上西雅图之不二情书.HD.720p.国语中字.rmvb
2016年奇幻动作《猎神：冬日之战》HD中英双字幕,ftp://ygdy8:ygdy8@y219.dydytt.net:8099/[阳光电影www.ygdy8.com].猎神：冬日之战.HD.720p.中英双字幕.rmvb
2016年动画喜剧《功夫熊猫3》国英双语.BD中英双字幕,ftp://ygdy8:ygdy8@y219.dydytt.net:8098/[阳光电影www.ygdy8.com].功夫熊猫3.BD.720p.国英双语.中英双字幕.mkv
2015年动作《局内人(导演剪辑版)》BD中文字幕,ftp://ygdy8:ygdy8@y153.dydytt.net:9073/[阳光电影www.ygdy8.com].局内人.BD.720p.中文字幕.rmvb
2016年战争惊悚《天空之眼/天眼行动》BD中英双字幕,ftp://ygdy8:ygdy8@y219.dydytt.net:9125/[阳光电影www.ygdy8.com].天空之眼.BD.720p.中英双字幕.rmvb
2016年传记喜剧《飞鹰艾迪》BD中英双字幕,ftp://ygdy8:ygdy8@y219.dydytt.net:8094/[阳光电影www.ygdy8.com].飞鹰艾迪.BD.720p.中英双字幕.rmvb
2015年历险传记历史《杉原千亩》BD中文字幕,ftp://ygdy8:ygdy8@y153.dydytt.net:8123/[阳光电影www.ygdy8.com].杉原千亩.BD.720p.中文字幕.rmvb
2016年科幻冒险《午夜逃亡》BD中英双字幕,ftp://ygdy8:ygdy8@y153.dydytt.net:8122/[阳光电影www.ygdy8.com].午夜逃亡.BD.720p.中英双字幕.rmvb
2016年惊悚喜剧《老笠》BD粤语中字,ftp://ygdy8:ygdy8@y219.dydytt.net:8093/[阳光电影www.ygdy8.com].老笠.BD.720p.粤语中字.rmvb
2016年西部喜剧《荒唐六蛟龙》HD中英双字幕,ftp://ygdy8:ygdy8@y153.dydytt.net:8121/[阳光电影www.ygdy8.com].荒唐六蛟龙.HD.720p.中英双字幕.rmvb
2016年吴镇宇郑中基喜剧《恶人报喜》BD国粤双语中字,ftp://ygdy8:ygdy8@y219.dydytt.net:8092/[阳光电影www.ygdy8.com].恶人报喜.BD.720p.国粤双语中字.mkv
2016年姚晨郝蕾唐嫣《梦想合伙人》HD国语中字,ftp://ygdy8:ygdy8@y153.dydytt.net:8120/[阳光电影www.ygdy8.com].梦想合伙人.HD.720p.国语中字.rmvb
2016年奇幻动画《仲夏夜魔法》BD中英双字幕,ftp://ygdy8:ygdy8@y153.dydytt.net:9069/[阳光电影www.ygdy8.com].仲夏夜魔法.BD.720p.中英双字幕.rmvb
2016年布拉德・皮特+朱莉《海岸情深》BD中英双字幕,ftp://ygdy8:ygdy8@y219.dydytt.net:9122/[阳光电影www.ygdy8.com].海岸情深.BD.720p.中英双字幕.rmvb
2016年惊悚《劫机惊魂》BD中英双字幕,ftp://ygdy8:ygdy8@y219.dydytt.net:8090/[阳光电影www.ygdy8.com].劫机惊魂.BD.720p.中英双字幕.rmvb
2016年科幻《科洛弗道10号》BD中英双字幕,ftp://ygdy8:ygdy8@y219.dydytt.net:9121/[阳光电影www.ygdy8.com].科洛弗道10号.BD.720p.中英双字幕.rmvb
2016年剧情《Good Take》BD国粤双语中字,ftp://ygdy8:ygdy8@y153.dydytt.net:8118/[阳光电影www.ygdy8.com].Good.Take.BD.720p.国粤双语中字.mkv
2016年惊悚动作《伦敦沦陷》BD国英双语.中英双字,ftp://ygdy8:ygdy8@y219.dydytt.net:8088/[阳光电影www.ygdy8.com].伦敦沦陷.BD.720p.国英双语.中英双字幕.mkv
