,comment,name,time
0,不能看别人在用什么网络，,@微信苹果版,2017-12-04
1,微信被封真不方便，朋友找我不到，我回不了信息，微信已成为一种习惯，而不是简单的社交只是娱乐了下，说涉赌重了点麻烦领导解封期减半，广大市民会注意，谢谢,@微信苹果版,2017-12-04
2,人生哲理-人都是被逼出来的！,@微信苹果版,2017-12-04
3,希望微信在升级时 微信视频有美颜的功能 在有点特效 就更完美了 谢谢,@微信苹果版,2017-12-04
4,微信号想更改，怎么更改啊，没有这个功能吗？,@微信苹果版,2017-12-04
5,为什么我每个月转账记录消费记录都两万以上没有微粒贷,@微信苹果版,2017-12-04
6,还是老版本好，新版朋友圈位置也不能创建，真垃圾,@微信苹果版,2017-12-04
7,发位置给朋友，位置显示店名不够充分,@微信苹果版,2017-12-04
8,发文字的时候，看不到候选的字！,@微信苹果版,2017-12-04
9,墙裂建议苹果版增加朋友圈live照片显示,@微信苹果版,2017-12-04
10,为什么要占那么多的空间呀？,@微信苹果版,2017-12-04
11,一颗星也不想给.什么东西？链接没法发.还很卡.下载的人多了懒得弄了？,@微信苹果版,2017-12-04
12,微信真好用。又方便，赞赞赞赞,@微信苹果版,2017-12-04
13,这次更新完语音功能不能用了，赶快修复,@微信苹果版,2017-12-04
14,我认为面对面红包应该能加收红包人的好友，求修复,@微信苹果版,2017-12-04
15,这次更新完后微信明显卡顿。,@微信苹果版,2017-12-04
16,每次给朋友圈的朋友状态评论或者点赞，都要慎重的考虑一下，自己的耐受力，要不然都要炸毛了！因为，一旦有很多或者其他共同的好友点赞或者评论我也会收到消息推送的提示，好烦躁啊，我认为这完全没必要推送，请关闭这个功能我们用户完全不需要！知道我为什么打四颗星了嘛？,@微信苹果版,2017-12-04
17,每次都要卸载了搞的自己的以前消息都没有了？还不如不更新！,@微信苹果版,2017-12-04
18,还是希望能出皮肤这样的，可以用付费模式，最好是有个夜间模式，晚上看好的太刺眼了！！！！,@微信苹果版,2017-12-04
19,在iPhoneX上用，发不了语音，视频聊天也没声音，但是如果把耳机插上就有声音了，也能发语音。视频的时候把耳机拔掉也能有外放的声音。,@微信苹果版,2017-12-04
20,删除聊天记录太麻烦，删除消息时多了一个提示，明显失去了苹果手机的便捷理念，只能说画蛇添足,@微信苹果版,2017-12-04
21,"苹果手机升级到最新系统11.2，微信软件无法更新,卸载之后也无法下载",@微信苹果版,2017-12-04
22,理财方便快捷.比银行好多了.,@微信苹果版,2017-12-04
23,更新后的微信太卡了，是系统问题么，还是兼容性不好,@微信苹果版,2017-12-04
24,用的微信官方的收款码。该打开的都打开了语音提示还是没有，卸载重装试试看，重装了还是没有语音提示，感觉越来越不好用了，,@微信苹果版,2017-12-04
25,聊天记录莫名其妙的丢失，丢失后进入帮助异常修复聊天记录，修复后还是没有原来的聊天记录，并且无法修复，请火速改善！,@微信苹果版,2017-12-04
26,我是把世界小众商品推荐给个性的你 咨@询微@信135-3735-3443,@微信苹果版,2017-12-04
27,很喜欢的一款交友软件，内容画面都挺真实的，感觉挺适合我在这里结束单身的。,@微信苹果版,2017-12-04
28,进入微信时希望能有个绘制图案解锁维护隐私,@微信苹果版,2017-12-04
29,现微信号无法重新甚是苦恼！！！,@微信苹果版,2017-12-04
30,用期待说话用用他就没有声音了这个版本不好,@微信苹果版,2017-12-04
31,之前也设置的使用期间可以定位 之前的版本只是定一下 或者是需要发送位置的时候定位 更新新版本之后 使用期间一直在定位 耗电还没有安全感 希望改进,@微信苹果版,2017-12-04
32,干嘛去了？在你面前,@微信苹果版,2017-12-04
33,最新更新的版本完之后，我连那个火车票的页面也选不了了，而且最底部还有广告，我点购票就出来广告页面。好像没那么好使用了，这个版本。谢谢,@微信苹果版,2017-12-04
34,怎么回事呀，每次发语音10秒就自动发出去有时候话还没说完呢，希望更新下,@微信苹果版,2017-12-04
35,顶端用色不协调，干脆有白色整体更简洁好看,@微信苹果版,2017-12-04
36,每次删除要确认，多按一下，浪费时间！我就是不要确认，我自己要删的东西自己负责。而且iOS系统删除也不要确认。拜托你就弄个开关让用户自己选择是否需要确认，或者加个批量删除！真想爆粗口！,@微信苹果版,2017-12-04
37,为什么每次微信打开要等好久，老是收取中,@微信苹果版,2017-12-04
38,哪里可以改视频？,@微信苹果版,2017-12-04
39,差评，不知道为何越来越差,@微信苹果版,2017-12-04
40,比如设定了一个标签 新加进去的人就只能看之后这个标签分组的照片  以前这个发给这个分组的照片就看不到啊 这个功能什么时候能改进一下啊,@微信苹果版,2017-12-04
41,微信朋友圈允许朋友查看朋友圈的范围最好有选择，有的可以查看全部，有的可以查看三天，有的可以查看半年，现在是选择好所有的朋友只能按设置好的看，如果新加的朋友我们选择三天，很好的亲朋好友可以查看全部，一般的可以选择半年，这样不是很好吗,@微信苹果版,2017-12-04
42,为什么附近人看不到我加的信息草,@微信苹果版,2017-12-04
43,新手机下载软件，用QQ号无法登录，一直显示账号疑似被盗，多次改密码还是登不上去。,@微信苹果版,2017-12-04
44,非常非常非常喜欢,@微信苹果版,2017-12-04
45,社交最佳软件,@微信苹果版,2017-12-04
46,这次升级太好用了，希望一直这样,@微信苹果版,2017-12-04
47,什么时候朋友圈的小视频能多于十秒,@微信苹果版,2017-12-04
48,要是微信能够更换主题就好了,@微信苹果版,2017-12-04
49,微信已经离不开我们的生活了,@微信苹果版,2017-12-04
50,微信团队加把劲解决一下好吗,@微信苹果版,2017-12-04
51,希望都增加一个功能，就是当我设置一个人不让他看我的朋友圈时，当他点击我的头像时也不让看我发布的朋友圈信息，要不然这个功能有无没有都是一样的。,@微信苹果版,2017-12-04
52,还不错哦，认识好多有趣的朋友，无聊的时候可以找朋友聊聊天，在这里也可以学到很多东西哦,@微信苹果版,2017-12-04
53,越更新越不好用,@微信苹果版,2017-12-04
54,好烦，iPad2朋友圈分享不了相册中的视频,@微信苹果版,2017-12-04
55,和iphonex的兼容太差了！！设置个背景图片，把图片压的都要成马赛克了！！能不能处理处理！,@微信苹果版,2017-12-04
56,接收信息不及时不能后台运行,@微信苹果版,2017-12-04
57,我的微信居然朋友圈丢了,@微信苹果版,2017-12-04
58,朋友圈里发的图片，文字多点就显示不出来了？？？就这样还能上架？这么臃肿的体积，都吃翔去吧！产品经理也是渣渣！外行一个！,@微信苹果版,2017-12-04
59,好可惜居然没给我开通微粒贷 这大概就是最大的弊端了,@微信苹果版,2017-12-04
60,为什么更新不了，有没有人回答我一下,@微信苹果版,2017-12-04
61,更新后手机保存新的号码，不能显示是不是有微信了，不好,@微信苹果版,2017-12-04
62,升级之后不知道是不是跟ios新系统不匹配还是怎样，一直整个手机的所有软件每隔几分钟就闪退一下，然后重启手机密码才能看到屏幕。以为是自己手机坏了，每个内存都去清一遍然后删除没怎么用过的app，到微信这个直接删掉了手机就恢复正常了，无法理解,@微信苹果版,2017-12-04
63,越来越卡，越更新越卡，不要更新吧,@微信苹果版,2017-12-04
64,我的6+升级到iOS11.2后，微信不能接收到消息了，除非我主动打开后收取消息。是因为升级系统导致的问题吗？,@微信苹果版,2017-12-04
65,听筒和外放总是切换不过来，用了听筒，就一直默认使用听筒外放。扬声器没声音。,@微信苹果版,2017-12-04
66,被许多美女关心的时刻，实在是太爽了。,@微信苹果版,2017-12-04
67,扫一扫付款时，  那个转账按钮被iphone键盘挡住，是你们的问题还是iphone键盘的问题，请尽快解决吧  烦死了！,@微信苹果版,2017-12-04
68,就是能否添加累死QQ一样的功能，就是对方将我删除时，对方自动消失在我的好友列表，这样就避免有人将我删除后我再去跟别人说话时发现别人已经将我删除了的尴尬场面，仅仅是个建议！,@微信苹果版,2017-12-04
69,老版本不给登录，我就喜欢停留7.0系统怎么了，你有本事别搞这些新版本要求高系统，老子大不了不用平板上,@微信苹果版,2017-12-04
70,你的想象是我们的梦想，太好用了,@微信苹果版,2017-12-04
71,几年的聊天记录因为微信故障修复不了迫不得已重新下载，结果数据全部不见了，找不回来了，一颗星星都不想给你！,@微信苹果版,2017-12-04
72,希望微信团队不要放弃iPad用户，非常感谢,@微信苹果版,2017-12-04
73,闪退太严重了，看朋友圈闪退，视频闪退，照片闪退,@微信苹果版,2017-12-04
74,微信各种控制，各种收费，各种限额，有没有哪个公司研究出新软件，取代微信。,@微信苹果版,2017-12-04
75,聊天信息点微信会无规则滚动,@微信苹果版,2017-12-04
76,更新到是挺快的希望微信钱包能用指纹解锁微信登陆主要是能不要用数字密码来开启指纹应该用指纹识别技术来设置一切安全措施,@微信苹果版,2017-12-04
77,网站建设找华创互联,@微信苹果版,2017-12-04
78,总是闪退！怎么办！,@微信苹果版,2017-12-04
79,明明就是一款中国软件，偏偏广告就要打成外国人的，cao,@微信苹果版,2017-12-04
80,不能看别人在用什么网络，,@微信苹果版,2017-12-04
81,微信被封真不方便，朋友找我不到，我回不了信息，微信已成为一种习惯，而不是简单的社交只是娱乐了下，说涉赌重了点麻烦领导解封期减半，广大市民会注意，谢谢,@微信苹果版,2017-12-04
82,人生哲理-人都是被逼出来的！,@微信苹果版,2017-12-04
83,希望微信在升级时 微信视频有美颜的功能 在有点特效 就更完美了 谢谢,@微信苹果版,2017-12-04
84,微信号想更改，怎么更改啊，没有这个功能吗？,@微信苹果版,2017-12-04
85,为什么我每个月转账记录消费记录都两万以上没有微粒贷,@微信苹果版,2017-12-04
86,还是老版本好，新版朋友圈位置也不能创建，真垃圾,@微信苹果版,2017-12-04
87,发位置给朋友，位置显示店名不够充分,@微信苹果版,2017-12-04
88,发文字的时候，看不到候选的字！,@微信苹果版,2017-12-04
89,墙裂建议苹果版增加朋友圈live照片显示,@微信苹果版,2017-12-04
90,为什么要占那么多的空间呀？,@微信苹果版,2017-12-04
91,一颗星也不想给.什么东西？链接没法发.还很卡.下载的人多了懒得弄了？,@微信苹果版,2017-12-04
92,微信真好用。又方便，赞赞赞赞,@微信苹果版,2017-12-04
93,这次更新完语音功能不能用了，赶快修复,@微信苹果版,2017-12-04
94,我认为面对面红包应该能加收红包人的好友，求修复,@微信苹果版,2017-12-04
95,这次更新完后微信明显卡顿。,@微信苹果版,2017-12-04
96,每次给朋友圈的朋友状态评论或者点赞，都要慎重的考虑一下，自己的耐受力，要不然都要炸毛了！因为，一旦有很多或者其他共同的好友点赞或者评论我也会收到消息推送的提示，好烦躁啊，我认为这完全没必要推送，请关闭这个功能我们用户完全不需要！知道我为什么打四颗星了嘛？,@微信苹果版,2017-12-04
97,每次都要卸载了搞的自己的以前消息都没有了？还不如不更新！,@微信苹果版,2017-12-04
98,还是希望能出皮肤这样的，可以用付费模式，最好是有个夜间模式，晚上看好的太刺眼了！！！！,@微信苹果版,2017-12-04
99,在iPhoneX上用，发不了语音，视频聊天也没声音，但是如果把耳机插上就有声音了，也能发语音。视频的时候把耳机拔掉也能有外放的声音。,@微信苹果版,2017-12-04
100,删除聊天记录太麻烦，删除消息时多了一个提示，明显失去了苹果手机的便捷理念，只能说画蛇添足,@微信苹果版,2017-12-04
101,"苹果手机升级到最新系统11.2，微信软件无法更新,卸载之后也无法下载",@微信苹果版,2017-12-04
102,理财方便快捷.比银行好多了.,@微信苹果版,2017-12-04
103,更新后的微信太卡了，是系统问题么，还是兼容性不好,@微信苹果版,2017-12-04
104,用的微信官方的收款码。该打开的都打开了语音提示还是没有，卸载重装试试看，重装了还是没有语音提示，感觉越来越不好用了，,@微信苹果版,2017-12-04
105,聊天记录莫名其妙的丢失，丢失后进入帮助异常修复聊天记录，修复后还是没有原来的聊天记录，并且无法修复，请火速改善！,@微信苹果版,2017-12-04
106,提醒更新，安装失败，重装咯，靠,@微信苹果版,2017-12-04
107,我是把世界小众商品推荐给个性的你 咨@询微@信135-3735-3443,@微信苹果版,2017-12-04
108,很喜欢的一款交友软件，内容画面都挺真实的，感觉挺适合我在这里结束单身的。,@微信苹果版,2017-12-04
109,进入微信时希望能有个绘制图案解锁维护隐私,@微信苹果版,2017-12-04
110,现微信号无法重新甚是苦恼！！！,@微信苹果版,2017-12-04
111,用期待说话用用他就没有声音了这个版本不好,@微信苹果版,2017-12-04
112,之前也设置的使用期间可以定位 之前的版本只是定一下 或者是需要发送位置的时候定位 更新新版本之后 使用期间一直在定位 耗电还没有安全感 希望改进,@微信苹果版,2017-12-04
113,干嘛去了？在你面前,@微信苹果版,2017-12-04
114,最新更新的版本完之后，我连那个火车票的页面也选不了了，而且最底部还有广告，我点购票就出来广告页面。好像没那么好使用了，这个版本。谢谢,@微信苹果版,2017-12-04
115,怎么回事呀，每次发语音10秒就自动发出去有时候话还没说完呢，希望更新下,@微信苹果版,2017-12-04
116,顶端用色不协调，干脆有白色整体更简洁好看,@微信苹果版,2017-12-04
117,每次删除要确认，多按一下，浪费时间！我就是不要确认，我自己要删的东西自己负责。而且iOS系统删除也不要确认。拜托你就弄个开关让用户自己选择是否需要确认，或者加个批量删除！真想爆粗口！,@微信苹果版,2017-12-04
118,为什么每次微信打开要等好久，老是收取中,@微信苹果版,2017-12-04
119,哪里可以改视频？,@微信苹果版,2017-12-04
120,差评，不知道为何越来越差,@微信苹果版,2017-12-04
121,比如设定了一个标签 新加进去的人就只能看之后这个标签分组的照片  以前这个发给这个分组的照片就看不到啊 这个功能什么时候能改进一下啊,@微信苹果版,2017-12-04
122,微信朋友圈允许朋友查看朋友圈的范围最好有选择，有的可以查看全部，有的可以查看三天，有的可以查看半年，现在是选择好所有的朋友只能按设置好的看，如果新加的朋友我们选择三天，很好的亲朋好友可以查看全部，一般的可以选择半年，这样不是很好吗,@微信苹果版,2017-12-04
123,牛逼营销加QQ822206007,@微信苹果版,2017-12-04
124,为什么附近人看不到我加的信息草,@微信苹果版,2017-12-04
125,新手机下载软件，用QQ号无法登录，一直显示账号疑似被盗，多次改密码还是登不上去。,@微信苹果版,2017-12-04
126,非常非常非常喜欢,@微信苹果版,2017-12-04
127,社交最佳软件,@微信苹果版,2017-12-04
128,这次升级太好用了，希望一直这样,@微信苹果版,2017-12-04
129,什么时候朋友圈的小视频能多于十秒,@微信苹果版,2017-12-04
130,要是微信能够更换主题就好了,@微信苹果版,2017-12-04
131,微信已经离不开我们的生活了,@微信苹果版,2017-12-04
132,微信团队加把劲解决一下好吗,@微信苹果版,2017-12-04
133,希望都增加一个功能，就是当我设置一个人不让他看我的朋友圈时，当他点击我的头像时也不让看我发布的朋友圈信息，要不然这个功能有无没有都是一样的。,@微信苹果版,2017-12-04
134,还不错哦，认识好多有趣的朋友，无聊的时候可以找朋友聊聊天，在这里也可以学到很多东西哦,@微信苹果版,2017-12-04
135,越更新越不好用,@微信苹果版,2017-12-04
136,好烦，iPad2朋友圈分享不了相册中的视频,@微信苹果版,2017-12-04
137,和iphonex的兼容太差了！！设置个背景图片，把图片压的都要成马赛克了！！能不能处理处理！,@微信苹果版,2017-12-04
138,接收信息不及时不能后台运行,@微信苹果版,2017-12-04
139,我的微信居然朋友圈丢了,@微信苹果版,2017-12-04
140,朋友圈里发的图片，文字多点就显示不出来了？？？就这样还能上架？这么臃肿的体积，都吃翔去吧！产品经理也是渣渣！外行一个！,@微信苹果版,2017-12-04
141,好可惜居然没给我开通微粒贷 这大概就是最大的弊端了,@微信苹果版,2017-12-04
142,为什么更新不了，有没有人回答我一下,@微信苹果版,2017-12-04
143,更新后手机保存新的号码，不能显示是不是有微信了，不好,@微信苹果版,2017-12-04
144,升级之后不知道是不是跟ios新系统不匹配还是怎样，一直整个手机的所有软件每隔几分钟就闪退一下，然后重启手机密码才能看到屏幕。以为是自己手机坏了，每个内存都去清一遍然后删除没怎么用过的app，到微信这个直接删掉了手机就恢复正常了，无法理解,@微信苹果版,2017-12-04
145,微信功能各方面都挺完美的，但是真的很期待微信发朋友圈能新增一个像新浪微博一样可以选音乐加图片的发圈功能！还有就是，发朋友圈好像不能发动态图！ 祝好,@微信苹果版,2017-12-03
146,在点评朋友圈时，评论时能上传图片就好了，暂时觉得这个不足，其他待定,@微信苹果版,2017-12-03
147,很好很好很好的！支持！,@微信苹果版,2017-12-03
148,朋友圈怎么没有了视频拍摄了。,@微信苹果版,2017-12-03
149,就没发现语音和iphoneX下面的横杠重叠了吗就没发现语音和iphoneX下面的横杠重叠了吗就没发现语音和iphoneX下面的横杠重叠了吗就没发现语音和iphoneX下面的横杠重叠了吗就没发现语音和iphoneX下面的横杠重叠了吗就没发现语音和iphoneX下面的横杠重叠了吗就没发现语音和iphoneX下面的横杠重叠了吗就没发现语音和iphoneX下面的横杠重叠了吗就没发现语音和iphoneX下面的横杠重叠了吗就没发现语音和iphoneX下面的横杠重叠了吗就没发现语音和iphoneX下面的横杠重叠了吗就没发现语音和iphoneX下面的横杠重叠了吗就没发现语音和iphoneX下面的横杠重叠了吗就没发现语音和iphoneX下面的横杠重叠了吗就没发现语音和iphoneX下面的横杠重叠了吗就没发现语音和iphoneX下面的横杠重叠了吗就没发现语音和iphoneX下面的横杠重叠了吗就没发现语音和iphoneX下面的横杠重叠了吗,@微信苹果版,2017-12-03
150,三秒钟，释放人类最原始的本能。微2660020876。全网最低！,@微信苹果版,2017-12-03
151,天天更新适配iphone X，更新完死啦卡，草,@微信苹果版,2017-12-03
152,还要确认，我快疯了,@微信苹果版,2017-12-03
153,用了这么多年，也没出现,@微信苹果版,2017-12-03
154,卸载之后一直无法下载。,@微信苹果版,2017-12-03
155,微信名字什么时候可以像QQ一样可以随便改名字？微信名字什么时候可以像QQ一样可以随便改名字？,@微信苹果版,2017-12-03
156,微信没法录小视频 什么情况什么情况什么情况什么情况什么情况什么情况什么情况什么情况什么情况什么情况什么情况什么情况什么情况什么情况什么情况,@微信苹果版,2017-12-03
157,举报骗子从来都是不通过，不知道骗子是你家亲戚还是怎么滴了，艹,@微信苹果版,2017-12-03
158,连续出现卡顿，闪退现象，非常影响用户体验，望改进,@微信苹果版,2017-12-03
159,手机系统一直没更新，但是微信版本更新了，发现最大的问题是最上面的聊天框竟然不显示。但是通常发来的消息都在最上面的，这就导致别人发来的东西我需要手动往下滑才看得见，这什么道理！只保证新系统的用户体验不管就系统的吗,@微信苹果版,2017-12-03
160,现在微信必须手机号绑定了，求不需要手机号绑定的,@微信苹果版,2017-12-03
161,朋友圈点赞时有非常明显的卡顿，不知是否可以优化,@微信苹果版,2017-12-03
162,更新之后，这个版本卡到怀疑人生,@微信苹果版,2017-12-03
163,微信有没有那种设置了以后我只能看消息，我回复不了的功能，防止我回复某人消息,@微信苹果版,2017-12-03
164,为什么不能推送添加手机联系人了为什么不能推送添加手机联系人了为什么不能推送添加手机联系人了为什么不能推送添加手机联系人了,@微信苹果版,2017-12-03
165,希望增加修改微信提示音的功能,@微信苹果版,2017-12-03
166,苹果8手机锁屏时微信来信息云滑查看时后回复消息后点击发送失灵，发送键不好使消息发送不出去？,@微信苹果版,2017-12-03
167,什么时候能好,@微信苹果版,2017-12-03
168,你们做的吃鸡游戏真垃圾,@微信苹果版,2017-12-03
169,零钱理财，为啥pad 可以用，手机不可以用？？？？？,@微信苹果版,2017-12-03
170,功能强大，聊天，办公，支付，购物，阅读，抒情无所不能。相比其他软件，微信保持了精简的原则，没有弄太多花里胡哨的玩意很好，希望能增加源头上的骚扰屏蔽，去除无用功能。,@微信苹果版,2017-12-03
171,视频制作 各种套现 vx:tuoke4444,@微信苹果版,2017-12-03
172,聊天记录漫游,@微信苹果版,2017-12-03
173,苹果7p现在无法更新微信版本为什么,@微信苹果版,2017-12-03
174,在国外忘记密码查找不方便 ，麻烦,@微信苹果版,2017-12-03
175,最近发现刚上传上去的照片色彩亮度什么的都可以的  过了几天再看就发现图片质量变差色彩暗淡。 本来上传上去就不是高清图 现在倒好了 还能越来越模糊,@微信苹果版,2017-12-03
176,【求租信息】【企业名称】铂涛酒店集团【业态类别】 中高端精品酒店【面积需求】3000-15000平米独栋，80个房间以上，一楼大堂100平米以上，停车位30个以上，最好现房，以及在营酒店加盟合作。【开店方式】品牌加盟，委托经营【租赁方式】租赁 ，加盟【合作期限】10年以上【理想位置】交通方便周边有地铁公交及机场或高铁交通枢纽站等【联  系  人】17612882229 范小强,@微信苹果版,2017-12-03
177,无障碍做得不够好,@微信苹果版,2017-12-03
178,如果能增加搜索自己发的内容就好了，因为经常作为生活记录，有时想查看，现在只能不停的往前拉,@微信苹果版,2017-12-03
179,我的微信无论是4G还是wifi，接收消息都要等几秒钟才会显示出来，上面一直显示是接受中,@微信苹果版,2017-12-03
180,垃圾微信，以前手机掉了我换手机非要我用以前的手机微信扫码，手机都掉就还扫个jb？智障一样。也就这点能耐，换其他得方式保护用户得安全不行？用个最弱智的方式,@微信苹果版,2017-12-03
181,更新后无法识别手机通讯录好友,@微信苹果版,2017-12-03
182,【小伙伴们，快来领红包啦！人人可领，天天可领，12月每周五周六及12月10日-12日还有机会领到大额惊喜红包，最高1212元】吱口令长按复制此消息，打开支付宝就能领取！GwLSRj81pU,@微信苹果版,2017-12-03
183,为什么更新过后文章不能置顶了,@微信苹果版,2017-12-03
184,更新适配苹果X的版本后，苹果6S无法登陆微信。,@微信苹果版,2017-12-03
185,交了好多评语,@微信苹果版,2017-12-03
186,为什么我的微信支付突然用不了了？,@微信苹果版,2017-12-03
187,卡卡卡卡卡卡卡卡卡卡卡卡卡卡卡卡卡卡卡，字体不好看，微信更新不了，搜索不了附近的人，老卡老死机，老黑屏，老费电快，加载特别慢慢慢慢慢慢慢慢慢慢慢慢慢慢，字太小看不见,@微信苹果版,2017-12-03
188,各大运营商都在推不限量流量套餐，以后流量资费不在是制约因素，建议微信小视频时长建议20秒，并能支持拼接，与时俱进,@微信苹果版,2017-12-03
189,挺好的，朋友圈的微商不错,@微信苹果版,2017-12-03
190,为什么更新还没有新版本的银行转账功能呢,@微信苹果版,2017-12-03
191,交易记录不方便查对一个人的详细记录。要从头翻到尾。发出去的红包记录要一个一个查,@微信苹果版,2017-12-03
192,自从更新适配了iPhone x的版本以后，就开始每天都会遇见闪退。有时候会连续闪退几次问题是我是7不是x啊！什么情况！稳定性极差！,@微信苹果版,2017-12-03
193,不要拉人老是封号就好,@微信苹果版,2017-12-03
194,为什么手机，iPad，电脑三方不能同时登陆，真的非常不方便，建议尽快开发，就跟QQ那个一样，三方都可以同时在线的。谢谢，请尽快改进。,@微信苹果版,2017-12-03
195,更新新版本后 闪频自动退出 请检查,@微信苹果版,2017-12-03
196,招人啦，月薪过万溃疡自以为是破,@微信苹果版,2017-12-03
197,没有闪光灯也算了，同样的环境，聊天框拍的照片明显暗淡，打开QQ的聊天框，明显明亮，另外还有闪光灯,@微信苹果版,2017-12-03
198,保存手机联系人，在微信里面没有自动添加,@微信苹果版,2017-12-03
199,微信没有广告是我最喜欢的,@微信苹果版,2017-12-03
200,微信最近很卡啊，手机和微信都是最新版本。能解决下吗？,@微信苹果版,2017-12-03
201,千万别更新，没法关闭分屏,@微信苹果版,2017-12-03
202,删除聊天框，我那美好记忆的聊天信息都没有，差评，,@微信苹果版,2017-12-03
203,用起来方便快捷,@微信苹果版,2017-12-03
204,我爱微信微信爱我,@微信苹果版,2017-12-03
205,微信的朋友圈有些坑啊。没有空间和人人功能强大。,@微信苹果版,2017-12-03
206,开发人员脑袋被门挤了吧,@微信苹果版,2017-12-03
207,无法读取通讯录联系人，大大的降低了办事效率，反馈问题无人理会,@微信苹果版,2017-12-03
208,能不能好好测试下，再发出来！！！,@微信苹果版,2017-12-03
209,以前一直懒得评论，今天哈哈哈哈哈哈哈哈,@微信苹果版,2017-12-03
210,不能批量删除对话框，不能上传聊天记录到云端，是个大败笔！微信占容量越来越大，让微信人多的人手机空间一下子就没了。,@微信苹果版,2017-12-03
211,更新很不错的哈哈,@微信苹果版,2017-12-03
212,每次清除储存空间都是黑屏闪退,@微信苹果版,2017-12-03
213,用起来方便多了，与亲朋好友的沟通也无处不在了哈哈，总而言之，就是方便好用，还有谁,@微信苹果版,2017-12-03
214,我希望对方把我删除时直接把他从我列表中删除，烦不烦人 什么时候能有这个功能，原来QQ都有,@微信苹果版,2017-12-03
215,没啥说的你们就是辣鸡,@微信苹果版,2017-12-03
216,如题！大bug！！！,@微信苹果版,2017-12-03
217,如题，希望能早日解决，或者能让我退回到更新前呀，iphone6s。简直无法使用了,@微信苹果版,2017-12-03
218,如题，所有的选项找了一遍，都没有找到小视频仅Wi-Fi下自动播放了,@微信苹果版,2017-12-03
219,一个只会复制跟盗版的软件,@微信苹果版,2017-12-03
220,手机收不到推送消息，只有打开微信才能看见，是什么原因,@微信苹果版,2017-12-03
221,红包被限额了，如何开通腾讯信用,@微信苹果版,2017-12-03
222,有木有觉得既然有消息撤回就不要在对话框显示了让别人看到，很尴尬有木有，小小建议,@微信苹果版,2017-12-03
223,手机查看消息后平板就没有聊天记录了，手机内存很小的，iPad版本还需要优化哦，好多手机功能平板不能用哦,@微信苹果版,2017-12-03
224,新版本为什么各种闪退啊？？？？新版本为什么各种闪退啊？？？？新版本为什么各种闪退啊？？？？新版本为什么各种闪退啊？？？？新版本为什么各种闪退啊？？？？新版本为什么各种闪退啊？？？？新版本为什么各种闪退啊？？？？新版本为什么各种闪退啊？？？？新版本为什么各种闪退啊？？？？新版本为什么各种闪退啊？？？？,@微信苹果版,2017-12-03
225,撤回还要点右箭头才能撤，放个收藏个提醒在前面是太不合理。这样设计的人是没脑子吧,@微信苹果版,2017-12-03
226,到底有没有适配x微信你难道心里没点x数吗？？？你的大黑额头挡住我高贵的x的屏幕了经常让我看不到时间！哦天？我的x的刘海儿再丑也不要你帮我来挡好咩？还有就是帮助与反馈那里你让我怎么按反馈嗯？？你告诉我该！怎！么！按！第一次差评并且心情很暴躁 程序员请多担待：）,@微信苹果版,2017-12-03
227,省时省力，方便用,@微信苹果版,2017-12-03
228,。再也看不到她的朋友圈背景了，,@微信苹果版,2017-12-03
229,什么事都得需要微信,@微信苹果版,2017-12-03
230,订花加微信wl759559304，点微信头像可看见微店，点微店可以进入网店进行下单，支持全国市区配送！,@微信苹果版,2017-12-03
231,从6.5.14开始就更新不了了，现在常常错过信息,@微信苹果版,2017-12-03
232,打不开为什么,@微信苹果版,2017-12-03
233,大家都怎么过的？,@微信苹果版,2017-12-03
234,分布兰怎么取消,@微信苹果版,2017-12-03
235,强烈要求出一个国际版可以共存两个微信,@微信苹果版,2017-12-03
236,朋友圈发照片模糊的很！根本不是原图！太模糊了照片！就不能高清原图吗吗！还有最好以后能发live,@微信苹果版,2017-12-03
237,涉及到系统操作的界面都会卡顿，无论是返回聊天界面还是打字,@微信苹果版,2017-12-03
238,希望非好友的评论和点赞内容能自动删除，希望微信尽快改善,@微信苹果版,2017-12-03
239,微信可以给公众一个平等的对待吗？不要那么霸道武断自以为是,@微信苹果版,2017-12-03
240,做人不能太流氓OK？,@微信苹果版,2017-12-03
241,一台手机响，整个办公室都看一下手机。苹果不是开放接口了吗？怎么这么多年都不弄个修改提示音啊？安卓都能改好多好多年了。,@微信苹果版,2017-12-03
242,三天两头卡 ！出故障！微信记录不见 ！非常不方便！特别想永久卸载就好 ！,@微信苹果版,2017-12-03
243,用起时常有一些卡，我里面的黑名单和卡券莫名其妙就不见了，我卡券没过期。,@微信苹果版,2017-12-03
244,最早的时候微信都可以自定义提示音，能够选择自己喜欢的音乐，现在可好，万千手机都一个样，微信以来，大家的声音都一样，分不清是谁的手机在响，微信的产品不考虑下加上自定义提示音？？？,@微信苹果版,2017-12-03
245,为何没有单独针对个别设置，只能要么所有人都能看到，要么看不到，要么三天，这个不好！,@微信苹果版,2017-12-03
246,升级后，电脑登录微信，手机端居然不能关闭手机提醒了,@微信苹果版,2017-12-03
247,更新的啥啊，更新了开始闪退了。,@微信苹果版,2017-12-03
248,不支持一个手机下载两个微信，唉。,@微信苹果版,2017-12-03
249,无法使用最底下一行的任何功能,@微信苹果版,2017-12-03
250,要更新就好好更好不好，卡在那里不动搞得用啊用不了，火大卧槽,@微信苹果版,2017-12-03
251,真好用 值得下载,@微信苹果版,2017-12-03
252,期待微信能加入语音变声功能，支持支持,@微信苹果版,2017-12-03
253,不知道其他用户会不会,@微信苹果版,2017-12-03
254,经典教学环境,@微信苹果版,2017-12-03
255,是腾讯信用分,@微信苹果版,2017-12-03
256,五五开，有益无害！,@微信苹果版,2017-12-03
257,天天更新来更新去，也没见有什么实用的东西功能限制又多简单没QQ实用差评,@微信苹果版,2017-12-03
258,为炸金花游戏疯狂打call，真的很不错，完了很长时间了，笔芯,@微信苹果版,2017-12-03
259,建议收藏功能可以优化，1.可以分类进行收藏，进去后先是大类，在是时间2.增加查找功能，,@微信苹果版,2017-12-03
260,我觉得微信该退出口令红包，因为微信上骗子太多。,@微信苹果版,2017-12-03
261,都一天多了 新版一直提示f不能更新 技g人T不管管幔『懿畹捏w啊！,@微信苹果版,2017-12-03
262,太差了，经常自动退出,@微信苹果版,2017-12-03
263,新版微信卡的要死，有了X就把你爹6给忘了,@微信苹果版,2017-12-03
264,手机版都可以拍小视频发小视频，iPad的为什么不能拍不能发？心塞,@微信苹果版,2017-12-03
265,不知道怎么回事，总觉得自己设置得不对，不能好好的使用，和以前用运营商短信天差地别。,@微信苹果版,2017-12-03
266,更新之后闪退非常频繁,@微信苹果版,2017-12-03
267,在一起就好了？这些是一？一一道来一？在家？？这？？在一起就。，，，一个，，？在！！！不能不！！。你要我去哪里玩玩吧。你要我去哪里玩玩吧。你要我去哪里玩玩而已。你要我去哪里。你要去我们那里吗一切众生之所见人了？这些是因为你的原因导致我们在外奔波了一个小时候后又不失一下的生活方式不同？一定是个性鲜明。一起去看看这个吧！一切众生都会说一个笑话这样才好点没有！一定会来找茬你说什么？这些天津滨海新区塘沽大了？这？在一起就好像没有那么简单,@微信苹果版,2017-12-03
268,微信呀，你能不能针对iPhone x优化好？老是在后台被杀，或者在屏幕上切换时被杀，我都得了地球恐惧症了！,@微信苹果版,2017-12-03
269,微信为什么会卡,@微信苹果版,2017-12-03
270,希望恢复原状。,@微信苹果版,2017-12-03
271,很好用不错，很好用不错，很好用不错，很好用不错，很好用不错，很好用不错，很好用不错，很好用不错，很好用不错，很好用不错，很好用不错，很好用不错，很好用不错，很好用不错，很好用不错，很好用不错，很好用不错，很好用不错，很好用不错，很好用不错，很好用不错，很好用不错，很好用不错，很好用不错，很好用不错，很好用不错，很好用不错，很好用不错，很好用不错，很好用不错，很好用不错，很好用不错，很好用不错，很好用不错，很好用不错，很好用不错，很好用不错，很好用不错，很好用不错，很好用不错，很好用不错，很好用不错，很好用不错，很好用不错，很好用不错，很好用不错，很好用不错，很好用不错，很好用不错，很好用不错，很好用不错，很好用不错，很好用不错，很好用不错，很好用不错，很好用不错，很好用不错，很好用不错，很好用不错，很好用不错，很好用不错，很好用不错，很好用不错，很好用不错，很好用不错，很好用不错，很好用不错，很好用不错，很好用不错，很好用不错，很好用不错，很好用不错，很好用不错，很好用不错，很好用不错，很好用不错，很好用不错，很好用不错，很好用不错，很好用不错，很好用不错，很好用不错，很好用不错，很好用不错，很好用不错，很好用不错，很好用不错，很好用不错，很好用不错，很好用不错，很好用不错，很好用不错，很好用不错，很好用不错，很好用不错，很好用不错，很好用不错，很好用不错，很好用不错，很好用不错，很好用不错，很好用不错，很好用不错，很好用不错，很好用不错，很好用不错，很好用不错，很好用不错，很好用不错，很好用不错，很好用不错，很好用不错，很好用不错，很好用不错，很好用不错，很好用不错，很好用不错，很好用不错，很好用不错，很好用不错，很好用不错，很好用不错，很好用不错，很好用不错，很好用不错，很好用不错，很好用不错，很好用不错，很好用不错，很好用不错，很好用不错，很好用不错，很好用不错，很好用不错，很好用不错，很好用不错，很好用不错，很好用不错，很好用不错，很好用不错，很好用不错，很好用不错，很好用不错，很好用不错，很好用不错，很好用不错，很好用不错，很好用不错，很好用不错，很好用不错，很好用不错，很好用不错，很好用不错，很好用不错，很好用不错，很好用不错，很好用不错，很好用不错，很好用不错，很好用不错，很好用不错，很好用不错，很好用不错，很好用不错，很好用不错，很好用不错，很好用不错，很好用不错，很好用不错，很好用不错，很好用不错，很好用不错，很好用不错，很好用不错，很好用不错，很好用不错，很好用不错，很好用不错，很好用不错，很好用不错，很好用不错，很好用不错，很好用不错，很好用不错，很好用不错，很好用不错，很好用不错，很好用不错，很好用不错，很好用不错，很好用不错，很好用不错，很好用不错，很好用不错，很好用不错，很好用不错，很好用不错，很好用不错，很好用不错，很好用不错，很好用不错，很好用不错，很好用不错，很好用不错，很好用不错，很好用不错，很好用不错，很好用不错，很好用不错，很好用不错，很好用不错，很好用不错，很好用不错，很好用不错，很好用不错，很好用不错，很好用不错，很好用不错，很好用不错，很好用不错，很好用不错，很好用不错，很好用不错，很好用不错，很好用不错，很好用不错，很好用不错，很好用不错，很好用不错，很好用不错，很好用不错，很好用不错，很好用不错，很好用不错，很好用不错，很好用不错，很好用不错，很好用不错，很好用不错，很好用不错，很好用不错，很好用不错，很好用不错，很好用不错，很好用不错，很好用不错，很好用不错，很好用不错，很好用不错，很好用不错，很好用不错，很好用不错，很好用不错，很好用不错，很好用不错，很好用不错，很好用不错，很好用不错，很好用不错，很好用不错，很好用不错，很好用不错，很好用不错，很好用不错，很好用不错，很好用不错，很好用不错，很好用不错，很好用不错，很好用不错，很好用不错，很好用不错，很好用不错，很好用不错，很好用不错，很好用不错，很好用不错，很好用不错，很好用不错，很好用不错，很好用不错，很好用不错，很好用不错，很好用不错，很好用不错，很好用不错，很好用不错，很好用不错，很好用不错，很好用不错，很好用不错，很好用不错，很好用不错，很好用不错，很好用不错，很好用不错，很好用不错，很好用不错，很好用不错，很好用不错，很好用不错，很好用不错，很好用不错，很好用不错，很好用不错，很好用不错，很好用不错，很好用不错，很好用不错，很好用不错，很好用不错，很好用不错，很好用不错，很好用不错，很好用不错，很好用不错，很好用不错，很好用不错，很好用不错，很好用不错，很好用不错，很好用不错，很好用不错，很好用不错，很好用不错，很好用不错，很好用不错，很好用不错，很好用不错，很好用不错，很好用不错，很好用不错，很好用不错，很好用不错，很好用不错，很好用不错，很好用不错，很好用不错，很好用不错，很好用不错，很好用不错，很好用不错,@微信苹果版,2017-12-03
272,我对这个注册过程打0分。我是真搞不懂你现在为什么要搞这么麻烦，你有考虑过你那一系列乱七八糟的b注册条件让70后以下的长辈们很痛苦吗？不，你让我这么个90后也很痛苦，你们为什么要让自己尊贵的用户从一开始就有痛苦的感受？你为什么要搞什么jb向好友扫二维码验证？还要是一年以上的，还要是一个月以内没扫过的，wcnm？你说你们为了防止恶意刷号，我tm管你恶意刷不刷？你tm一个大软件公司出点问题都不能自己内部解决，还要麻烦各位用户大佬？贼jb6，全世界注册还要有好友“允许”的就你一家了吧？挣那么多钱，技术人员连防止恶习刷号的策略都没有？请你取消这一项流程，本来发短信就已经很麻烦了，今天我妈让我帮她注册，我真不敢想，这要是长辈们自己没有，想注册了，该怎么玩，呵呵，现在中年老年也用微信了，大哥们？照顾一下好不好？差评！,@微信苹果版,2017-12-03
273,老旧版本是正常的，现在已经很多个版本这样问题了！,@微信苹果版,2017-12-03
274,为啥没有捂脸那些表情了吖,@微信苹果版,2017-12-03
275,试过很多方式都无法让新加的号码推荐我好友。,@微信苹果版,2017-12-03
276,卡死了！！能不能好好修复一下？,@微信苹果版,2017-12-03
277,自更新新版本经常卡死希望改回,@微信苹果版,2017-12-03
278,还可以比以前好用1,@微信苹果版,2017-12-03
279,为啥要把UI设计成分栏？而且优酷的视频不能全屏播放，感觉太糟糕了,@微信苹果版,2017-12-03
280,升级后为啥看不到朋友圈啦！,@微信苹果版,2017-12-03
281,切换回微信时，重启，时常闪退。消息数目显示几十条，打开后显示几条。望关注并解决,@微信苹果版,2017-12-03
282,有新消息通知，点击打开了，却定位的是上次打开的位置，不能直接定位到新消息的位置。,@微信苹果版,2017-12-03
283,这微信版本越更新越垃圾,@微信苹果版,2017-12-03
284,只要解屏就能登陆,@微信苹果版,2017-12-03
285,你好，开发者，最近我的微信在iphone6 ios10.3.3系统上容易闪退，如何修复这个问题呢，在线等！,@微信苹果版,2017-12-03
286,更新过后，不能发语音，只能插着耳机才可以。有人和我有一样的情况吗？,@微信苹果版,2017-12-03
287,为什么不能像以前一样关闭朋友圈？垃圾,@微信苹果版,2017-12-03
288,微信的时候你会觉得是自己一手货源一个人去皮去除角质后外加上有一个不想要不要下去的理由。我是个不错，我的心去对待每一次又来了？,@微信苹果版,2017-12-03
289,还不错哦！感觉挺流畅的！,@微信苹果版,2017-12-03
290,差评差评差评！聊天背景设置会变模糊,@微信苹果版,2017-12-03
291,"我觉得还是以前的“关闭朋友圈”的方式比较好。就是直接关闭,别人什么都看不到,然后下面有一条线,并且提示说“朋友圈暂未启用”。这种方式才是真正的做到了“关闭”朋友圈",@微信苹果版,2017-12-03
292,微信功能各方面都挺完美的，但是真的很期待微信发朋友圈能新增一个像新浪微博一样可以选音乐加图片的发圈功能！还有就是，发朋友圈好像不能发动态图！ 祝好,@微信苹果版,2017-12-03
293,在点评朋友圈时，评论时能上传图片就好了，暂时觉得这个不足，其他待定,@微信苹果版,2017-12-03
294,很好很好很好的！支持！,@微信苹果版,2017-12-03
295,朋友圈怎么没有了视频拍摄了。,@微信苹果版,2017-12-03
296,就没发现语音和iphoneX下面的横杠重叠了吗就没发现语音和iphoneX下面的横杠重叠了吗就没发现语音和iphoneX下面的横杠重叠了吗就没发现语音和iphoneX下面的横杠重叠了吗就没发现语音和iphoneX下面的横杠重叠了吗就没发现语音和iphoneX下面的横杠重叠了吗就没发现语音和iphoneX下面的横杠重叠了吗就没发现语音和iphoneX下面的横杠重叠了吗就没发现语音和iphoneX下面的横杠重叠了吗就没发现语音和iphoneX下面的横杠重叠了吗就没发现语音和iphoneX下面的横杠重叠了吗就没发现语音和iphoneX下面的横杠重叠了吗就没发现语音和iphoneX下面的横杠重叠了吗就没发现语音和iphoneX下面的横杠重叠了吗就没发现语音和iphoneX下面的横杠重叠了吗就没发现语音和iphoneX下面的横杠重叠了吗就没发现语音和iphoneX下面的横杠重叠了吗就没发现语音和iphoneX下面的横杠重叠了吗,@微信苹果版,2017-12-03
297,三秒钟，释放人类最原始的本能。微2660020876。全网最低！,@微信苹果版,2017-12-03
298,天天更新适配iphone X，更新完死啦卡，草,@微信苹果版,2017-12-03
299,还要确认，我快疯了,@微信苹果版,2017-12-03
300,用了这么多年，也没出现,@微信苹果版,2017-12-03
301,卸载之后一直无法下载。,@微信苹果版,2017-12-03
302,微信名字什么时候可以像QQ一样可以随便改名字？微信名字什么时候可以像QQ一样可以随便改名字？,@微信苹果版,2017-12-03
303,微信没法录小视频 什么情况什么情况什么情况什么情况什么情况什么情况什么情况什么情况什么情况什么情况什么情况什么情况什么情况什么情况什么情况,@微信苹果版,2017-12-03
304,举报骗子从来都是不通过，不知道骗子是你家亲戚还是怎么滴了，艹,@微信苹果版,2017-12-03
305,连续出现卡顿，闪退现象，非常影响用户体验，望改进,@微信苹果版,2017-12-03
306,手机系统一直没更新，但是微信版本更新了，发现最大的问题是最上面的聊天框竟然不显示。但是通常发来的消息都在最上面的，这就导致别人发来的东西我需要手动往下滑才看得见，这什么道理！只保证新系统的用户体验不管就系统的吗,@微信苹果版,2017-12-03
307,现在微信必须手机号绑定了，求不需要手机号绑定的,@微信苹果版,2017-12-03
308,朋友圈点赞时有非常明显的卡顿，不知是否可以优化,@微信苹果版,2017-12-03
309,更新之后，这个版本卡到怀疑人生,@微信苹果版,2017-12-03
310,微信有没有那种设置了以后我只能看消息，我回复不了的功能，防止我回复某人消息,@微信苹果版,2017-12-03
311,为什么不能推送添加手机联系人了为什么不能推送添加手机联系人了为什么不能推送添加手机联系人了为什么不能推送添加手机联系人了,@微信苹果版,2017-12-03
312,希望增加修改微信提示音的功能,@微信苹果版,2017-12-03
313,苹果8手机锁屏时微信来信息云滑查看时后回复消息后点击发送失灵，发送键不好使消息发送不出去？,@微信苹果版,2017-12-03
314,什么时候能好,@微信苹果版,2017-12-03
315,你们做的吃鸡游戏真垃圾,@微信苹果版,2017-12-03
316,零钱理财，为啥pad 可以用，手机不可以用？？？？？,@微信苹果版,2017-12-03
317,功能强大，聊天，办公，支付，购物，阅读，抒情无所不能。相比其他软件，微信保持了精简的原则，没有弄太多花里胡哨的玩意很好，希望能增加源头上的骚扰屏蔽，去除无用功能。,@微信苹果版,2017-12-03
318,视频制作 各种套现 vx:tuoke4444,@微信苹果版,2017-12-03
319,聊天记录漫游,@微信苹果版,2017-12-03
320,苹果7p现在无法更新微信版本为什么,@微信苹果版,2017-12-03
321,在国外忘记密码查找不方便 ，麻烦,@微信苹果版,2017-12-03
322,最近发现刚上传上去的照片色彩亮度什么的都可以的  过了几天再看就发现图片质量变差色彩暗淡。 本来上传上去就不是高清图 现在倒好了 还能越来越模糊,@微信苹果版,2017-12-03
323,【求租信息】【企业名称】铂涛酒店集团【业态类别】 中高端精品酒店【面积需求】3000-15000平米独栋，80个房间以上，一楼大堂100平米以上，停车位30个以上，最好现房，以及在营酒店加盟合作。【开店方式】品牌加盟，委托经营【租赁方式】租赁 ，加盟【合作期限】10年以上【理想位置】交通方便周边有地铁公交及机场或高铁交通枢纽站等【联  系  人】17612882229 范小强,@微信苹果版,2017-12-03
324,无障碍做得不够好,@微信苹果版,2017-12-03
325,如果能增加搜索自己发的内容就好了，因为经常作为生活记录，有时想查看，现在只能不停的往前拉,@微信苹果版,2017-12-03
326,我的微信无论是4G还是wifi，接收消息都要等几秒钟才会显示出来，上面一直显示是接受中,@微信苹果版,2017-12-03
327,垃圾微信，以前手机掉了我换手机非要我用以前的手机微信扫码，手机都掉就还扫个jb？智障一样。也就这点能耐，换其他得方式保护用户得安全不行？用个最弱智的方式,@微信苹果版,2017-12-03
328,更新后无法识别手机通讯录好友,@微信苹果版,2017-12-03
329,【小伙伴们，快来领红包啦！人人可领，天天可领，12月每周五周六及12月10日-12日还有机会领到大额惊喜红包，最高1212元】吱口令长按复制此消息，打开支付宝就能领取！GwLSRj81pU,@微信苹果版,2017-12-03
330,为什么更新过后文章不能置顶了,@微信苹果版,2017-12-03
331,更新适配苹果X的版本后，苹果6S无法登陆微信。,@微信苹果版,2017-12-03
332,交了好多评语,@微信苹果版,2017-12-03
333,为什么我的微信支付突然用不了了？,@微信苹果版,2017-12-03
334,卡卡卡卡卡卡卡卡卡卡卡卡卡卡卡卡卡卡卡，字体不好看，微信更新不了，搜索不了附近的人，老卡老死机，老黑屏，老费电快，加载特别慢慢慢慢慢慢慢慢慢慢慢慢慢慢，字太小看不见,@微信苹果版,2017-12-03
335,各大运营商都在推不限量流量套餐，以后流量资费不在是制约因素，建议微信小视频时长建议20秒，并能支持拼接，与时俱进,@微信苹果版,2017-12-03
336,挺好的，朋友圈的微商不错,@微信苹果版,2017-12-03
337,为什么更新还没有新版本的银行转账功能呢,@微信苹果版,2017-12-03
338,交易记录不方便查对一个人的详细记录。要从头翻到尾。发出去的红包记录要一个一个查,@微信苹果版,2017-12-03
339,自从更新适配了iPhone x的版本以后，就开始每天都会遇见闪退。有时候会连续闪退几次问题是我是7不是x啊！什么情况！稳定性极差！,@微信苹果版,2017-12-03
340,不要拉人老是封号就好,@微信苹果版,2017-12-03
341,为什么手机，iPad，电脑三方不能同时登陆，真的非常不方便，建议尽快开发，就跟QQ那个一样，三方都可以同时在线的。谢谢，请尽快改进。,@微信苹果版,2017-12-03
342,更新新版本后 闪频自动退出 请检查,@微信苹果版,2017-12-03
343,招人啦，月薪过万溃疡自以为是破,@微信苹果版,2017-12-03
344,没有闪光灯也算了，同样的环境，聊天框拍的照片明显暗淡，打开QQ的聊天框，明显明亮，另外还有闪光灯,@微信苹果版,2017-12-03
345,保存手机联系人，在微信里面没有自动添加,@微信苹果版,2017-12-03
346,微信没有广告是我最喜欢的,@微信苹果版,2017-12-03
347,微信最近很卡啊，手机和微信都是最新版本。能解决下吗？,@微信苹果版,2017-12-03
348,千万别更新，没法关闭分屏,@微信苹果版,2017-12-03
349,删除聊天框，我那美好记忆的聊天信息都没有，差评，,@微信苹果版,2017-12-03
350,用起来方便快捷,@微信苹果版,2017-12-03
351,我爱微信微信爱我,@微信苹果版,2017-12-03
352,微信的朋友圈有些坑啊。没有空间和人人功能强大。,@微信苹果版,2017-12-03
353,开发人员脑袋被门挤了吧,@微信苹果版,2017-12-03
354,无法读取通讯录联系人，大大的降低了办事效率，反馈问题无人理会,@微信苹果版,2017-12-03
355,能不能好好测试下，再发出来！！！,@微信苹果版,2017-12-03
356,以前一直懒得评论，今天哈哈哈哈哈哈哈哈,@微信苹果版,2017-12-03
357,不能批量删除对话框，不能上传聊天记录到云端，是个大败笔！微信占容量越来越大，让微信人多的人手机空间一下子就没了。,@微信苹果版,2017-12-03
358,更新很不错的哈哈,@微信苹果版,2017-12-03
359,每次清除储存空间都是黑屏闪退,@微信苹果版,2017-12-03
360,用起来方便多了，与亲朋好友的沟通也无处不在了哈哈，总而言之，就是方便好用，还有谁,@微信苹果版,2017-12-03
361,我希望对方把我删除时直接把他从我列表中删除，烦不烦人 什么时候能有这个功能，原来QQ都有,@微信苹果版,2017-12-03
362,没啥说的你们就是辣鸡,@微信苹果版,2017-12-03
363,如题！大bug！！！,@微信苹果版,2017-12-03
364,如题，希望能早日解决，或者能让我退回到更新前呀，iphone6s。简直无法使用了,@微信苹果版,2017-12-03
365,如题，所有的选项找了一遍，都没有找到小视频仅Wi-Fi下自动播放了,@微信苹果版,2017-12-03
366,一个只会复制跟盗版的软件,@微信苹果版,2017-12-03
367,手机收不到推送消息，只有打开微信才能看见，是什么原因,@微信苹果版,2017-12-03
368,红包被限额了，如何开通腾讯信用,@微信苹果版,2017-12-03
369,有木有觉得既然有消息撤回就不要在对话框显示了让别人看到，很尴尬有木有，小小建议,@微信苹果版,2017-12-03
370,手机查看消息后平板就没有聊天记录了，手机内存很小的，iPad版本还需要优化哦，好多手机功能平板不能用哦,@微信苹果版,2017-12-03
371,新版本为什么各种闪退啊？？？？新版本为什么各种闪退啊？？？？新版本为什么各种闪退啊？？？？新版本为什么各种闪退啊？？？？新版本为什么各种闪退啊？？？？新版本为什么各种闪退啊？？？？新版本为什么各种闪退啊？？？？新版本为什么各种闪退啊？？？？新版本为什么各种闪退啊？？？？新版本为什么各种闪退啊？？？？,@微信苹果版,2017-12-03
372,撤回还要点右箭头才能撤，放个收藏个提醒在前面是太不合理。这样设计的人是没脑子吧,@微信苹果版,2017-12-03
373,到底有没有适配x微信你难道心里没点x数吗？？？你的大黑额头挡住我高贵的x的屏幕了经常让我看不到时间！哦天？我的x的刘海儿再丑也不要你帮我来挡好咩？还有就是帮助与反馈那里你让我怎么按反馈嗯？？你告诉我该！怎！么！按！第一次差评并且心情很暴躁 程序员请多担待：）,@微信苹果版,2017-12-03
374,省时省力，方便用,@微信苹果版,2017-12-03
375,。再也看不到她的朋友圈背景了，,@微信苹果版,2017-12-03
376,什么事都得需要微信,@微信苹果版,2017-12-03
377,订花加微信wl759559304，点微信头像可看见微店，点微店可以进入网店进行下单，支持全国市区配送！,@微信苹果版,2017-12-03
378,从6.5.14开始就更新不了了，现在常常错过信息,@微信苹果版,2017-12-03
379,打不开为什么,@微信苹果版,2017-12-03
380,大家都怎么过的？,@微信苹果版,2017-12-03
381,分布兰怎么取消,@微信苹果版,2017-12-03
382,强烈要求出一个国际版可以共存两个微信,@微信苹果版,2017-12-03
383,朋友圈发照片模糊的很！根本不是原图！太模糊了照片！就不能高清原图吗吗！还有最好以后能发live,@微信苹果版,2017-12-03
384,每次发信息都不知道对方读没读，强迫症患者希望能有一个看到已读的功能还有希望 朋友圈可以发动图,@微信苹果版,2017-12-02
385,表情只能300个！很烦啊！能不能无限制啊？！！！,@微信苹果版,2017-12-02
386,实在是不习惯在iPad上用微信分栏，本来是用来学习和看视频，结果微信分栏一处，明明能全屏的资料直接变成了半屏模式，很费神啊，能不能去掉分栏,@微信苹果版,2017-12-02
387,我不知道它就升级了。,@微信苹果版,2017-12-02
388,发送小语音经常碰到退出键,@微信苹果版,2017-12-02
389,希望朋友圈别人的评论，发朋友圈的人可以删掉，不然那些很恶心的评论让人想把发的内容都删掉，而且就算把那个人删掉，他的评论还在，就有点不爽。,@微信苹果版,2017-12-02
390,外面提示有信息了，但点进去之后没了,@微信苹果版,2017-12-02
391,隐私条款不同意，就是不同意你通过任何方法或者因为任何原因来收集我的隐私。我不同意你就不让我用？呵呵。,@微信苹果版,2017-12-02
392,什么时候把微信启动也加个密码或者指纹啊，更保护隐私安全,@微信苹果版,2017-12-02
393,微信自动就删除了好友申请记录什么的，找都找不到，，，真是够了,@微信苹果版,2017-12-02
394,8版本更新后打不开微信啊！赶紧修复啊,@微信苹果版,2017-12-02
395,照片和小视频总是拍不了,@微信苹果版,2017-12-02
396,不好，个人认为没有上个版本好，加载页面明显变慢了，锁屏时通知消息看着也很不舒服,@微信苹果版,2017-12-02
397,昨天中奖，今天继续中奖,@微信苹果版,2017-12-02
398,垃圾垃圾垃圾,@微信苹果版,2017-12-02
399,现在IPAD版面难用死了，一半联系人，一半内容，打开些东西还只有一半，不像手机那样，一版是一版,@微信苹果版,2017-12-02
400,微信里视频那些多搞点有意思的呀，不然QQ都在更新，好像微信更新来更新去没多大变化，没意思,@微信苹果版,2017-12-02
401,有时候自己发条动态忘了屏蔽然后被评论些恶心的话，但自己不能自己删除真的很心塞。希望能像QQ空间一样单方删除评论！,@微信苹果版,2017-12-02
402,希望赶紧更新视频通话美颜功能啊,@微信苹果版,2017-12-02
403,现在的ipad版微信只能用右半边屏幕打开聊天窗口了，强行给你中分屏幕左边加塞无用目录占屏。偌大个ipad非得搞成手机版聊天窗口的大小，恶心死了！！！,@微信苹果版,2017-12-02
404,为啥我收消息都有延迟,@微信苹果版,2017-12-02
405,太他么垃圾了,@微信苹果版,2017-12-02
406,本来以为更新完应该很流畅的，好在好了正常使用都困难了,@微信苹果版,2017-12-02
407,能不能给聊天记录除了置顶功能，再加个锁定或者防删功能，仅仅是建议，谢谢！,@微信苹果版,2017-12-02
408,已更新  朋友圈没了,@微信苹果版,2017-12-02
409,啦咯啦咯啦咯,@微信苹果版,2017-12-02
410,下载个微信将近半个小时，速度也太慢了吧，到了崩溃的边缘了！！！,@微信苹果版,2017-12-02
411,无法发语音，底部的信息显示不了,@微信苹果版,2017-12-02
412,更新个毛线哦，无线网好好的，点了更新一点都不动！,@微信苹果版,2017-12-02
413,在注视着x的时候 开微信不是应该不响声音么？怎么新版本还是会响声音啊 我记得之前是好用的啊,@微信苹果版,2017-12-02
414,为什么iOS的微信提示音不能更改？满大街用苹果的。一响都不知道是谁的，都拿手机出来看看才知道。望微信能更新一下这个功能。谢谢,@微信苹果版,2017-12-02
415,我微信每年进出一百来万为什么还没有微粒贷，别人没怎么用都开通了,@微信苹果版,2017-12-02
416,视频怎么发朋友圈,@微信苹果版,2017-12-02
417,手机微信太占内存了,@微信苹果版,2017-12-02
418,为什么无法更新,@微信苹果版,2017-12-02
419,不多，就左上角的时间没了,@微信苹果版,2017-12-02
420,最新iPad 版本朋友圈没法发视频,@微信苹果版,2017-12-02
421,什么时候能把不小心删除的聊天记录恢复就ok了,@微信苹果版,2017-12-02
422,不更新的话有些红包领不了，更新的话消息纪录全部没有，还能更垃圾一点吗,@微信苹果版,2017-12-02
423,这就算适配X了,@微信苹果版,2017-12-02
424,而不是“请使用微信手机客户端打开”,@微信苹果版,2017-12-02
425,山西等级工作：在这个网站是什么样子呢！一定之法拉,@微信苹果版,2017-12-02
426,更新后，为什么要删掉对话记录，收回消息都要再次确认了。好麻烦啊。重复操作的。也没地方把这个关掉，一点都不方便。,@微信苹果版,2017-12-02
427,为何更新不了,@微信苹果版,2017-12-02
428,锁屏状态下来消息，没有任何的提示，我就呵呵哒了,@微信苹果版,2017-12-02
429,微信什么时候才能有视频美颜的功能啊？,@微信苹果版,2017-12-02
430,以前手机端关闭锁屏时显示消息内容的情况下 在Apple Watch上来新消息时也可以看到内容，现在只提示有新消息，很不方便，建议改回任何情况下来新消息watch上都显示内容,@微信苹果版,2017-12-02
431,有好多次都是因为点的太快发错了，想撤回来就不可以，很不方便,@微信苹果版,2017-12-02
432,感觉很别扭，额头太宽了，窄一点或许会更好,@微信苹果版,2017-12-02
433,今天才发现，微信竟然不能发GIF我觉得加这个功能挺好的,@微信苹果版,2017-12-02
434,朋友圈里分享小视频的时间太短了，只有10秒，建议至少分享到15秒以上。建议朋友圈可以选择对一部分人只展示三天或者半年的朋友圈，而不是对所有人。,@微信苹果版,2017-12-02
435,删除聊天记录的时候可不可以不提示，之前都不用提示，可不可以把这个省略掉,@微信苹果版,2017-12-02
436,闪退，最近总是闪退，今天就闪退三次,@微信苹果版,2017-12-02
437,微信应该弄一个信息已读提示,@微信苹果版,2017-12-02
438,更没了？？？,@微信苹果版,2017-12-02
439,更新了，系统没跟上，上不了，后悔啊,@微信苹果版,2017-12-02
440,赶紧更新！！,@微信苹果版,2017-12-02
441,更新后看一看里面的视频都特么看不了了，天天特么的瞎几把更新,@微信苹果版,2017-12-02
442,微信为什么一发语音就卡，可以退出微信但是就是一发语音就卡。谁能告诉我啥情况。,@微信苹果版,2017-12-02
443,为什么新版本微信老闪退，怪我没有更新iOS11咩,@微信苹果版,2017-12-02
444,打开了通讯录通知，不能显示,@微信苹果版,2017-12-02
445,不是说更新后可以连接无线网的吗？,@微信苹果版,2017-12-02
446,晚上吵的老子睡不着觉,@微信苹果版,2017-12-02
447,更新後的版本o法lZ音，我整理浞葆岜硎桥f一的版本，lZ音功能]}，之後自痈新後lZ音功能o法使用，求解,@微信苹果版,2017-12-02
448,去年用着挺好的，突然掉线，怎么都登陆不上，显示加载百分九十九就停了，加载失败。换手机也不行，用别人的手机登也不行。是不是这个国家被屏蔽了吧.(卡塔尔)这里几万中国人，百分只九十的人登陆不了。还望解决,@微信苹果版,2017-12-02
449,微信在安全社交方面绝对是满分，只是支付交易限额这块不人性化，支付宝余额限额了它还有余额宝，这样大家用起来也方便。,@微信苹果版,2017-12-02
450,对于iPhoneX的适配界面真的是太丑了 可以参考一下支付宝 京东金融 人家的界面才叫真正适配iPhoneX,@微信苹果版,2017-12-02
451,卡顿，反应迟钝！,@微信苹果版,2017-12-02
452,一个国产的软件，演示功能为什么非得用老外的人像？就这么爱舔？奴才！,@微信苹果版,2017-12-02
453,为啥不能修改提示音为啥不能修改提示音为啥不能修改提示音为啥不能修改提示音为啥不能修改提示音为啥不能修改提示音为啥不能修改提示音为啥不能修改提示音,@微信苹果版,2017-12-02
454,困扰了好久了，试了很多办法，卸载呀，重启呀什么的，都不能解决。。。,@微信苹果版,2017-12-02
455,太垃圾了，x发语音，10秒左右就自动发出去,@微信苹果版,2017-12-02
456,是否可以把微信号 隐去或者部分隐去啊 当初设置没过脑子有点儿泄漏信息祝越更越好,@微信苹果版,2017-12-02
457,越来越强大的微信，运行内存，容量内存也跟着要大，手机也跟着要不断更新,@微信苹果版,2017-12-02
458,能不能有不需要卸载旧版本就能安装的新升级版本啊,@微信苹果版,2017-12-02
459,乱封号 要求解封。,@微信苹果版,2017-12-02
460,差评，iPhonex缺少好多表情,@微信苹果版,2017-12-02
461,这是在歧视非X型号吗 一直更新安装   。我要是卸载重新开始我的聊天记录怎么办 我的表情包怎么办 啊    -,@微信苹果版,2017-12-02
462,涉及到系统操作的界面都会卡顿，无论是返回聊天界面还是打字,@微信苹果版,2017-12-02
463,希望非好友的评论和点赞内容能自动删除，希望微信尽快改善,@微信苹果版,2017-12-02
464,微信可以给公众一个平等的对待吗？不要那么霸道武断自以为是,@微信苹果版,2017-12-02
465,做人不能太流氓OK？,@微信苹果版,2017-12-02
466,一台手机响，整个办公室都看一下手机。苹果不是开放接口了吗？怎么这么多年都不弄个修改提示音啊？安卓都能改好多好多年了。,@微信苹果版,2017-12-02
467,三天两头卡 ！出故障！微信记录不见 ！非常不方便！特别想永久卸载就好 ！,@微信苹果版,2017-12-02
468,用起时常有一些卡，我里面的黑名单和卡券莫名其妙就不见了，我卡券没过期。,@微信苹果版,2017-12-02
469,最早的时候微信都可以自定义提示音，能够选择自己喜欢的音乐，现在可好，万千手机都一个样，微信以来，大家的声音都一样，分不清是谁的手机在响，微信的产品不考虑下加上自定义提示音？？？,@微信苹果版,2017-12-02
470,为何没有单独针对个别设置，只能要么所有人都能看到，要么看不到，要么三天，这个不好！,@微信苹果版,2017-12-02
471,升级后，电脑登录微信，手机端居然不能关闭手机提醒了,@微信苹果版,2017-12-02
472,更新的啥啊，更新了开始闪退了。,@微信苹果版,2017-12-02
473,不支持一个手机下载两个微信，唉。,@微信苹果版,2017-12-02
474,无法使用最底下一行的任何功能,@微信苹果版,2017-12-02
475,要更新就好好更好不好，卡在那里不动搞得用啊用不了，火大卧槽,@微信苹果版,2017-12-02
476,真好用 值得下载,@微信苹果版,2017-12-02
477,期待微信能加入语音变声功能，支持支持,@微信苹果版,2017-12-02
478,不知道其他用户会不会,@微信苹果版,2017-12-02
479,经典教学环境,@微信苹果版,2017-12-02
480,是腾讯信用分,@微信苹果版,2017-12-02
481,五五开，有益无害！,@微信苹果版,2017-12-02
482,天天更新来更新去，也没见有什么实用的东西功能限制又多简单没QQ实用差评,@微信苹果版,2017-12-02
483,为炸金花游戏疯狂打call，真的很不错，完了很长时间了，笔芯,@微信苹果版,2017-12-02
484,建议收藏功能可以优化，1.可以分类进行收藏，进去后先是大类，在是时间2.增加查找功能，,@微信苹果版,2017-12-02
485,我觉得微信该退出口令红包，因为微信上骗子太多。,@微信苹果版,2017-12-02
486,都一天多了 新版一直提示f不能更新 技g人T不管管幔『懿畹捏w啊！,@微信苹果版,2017-12-02
487,太差了，经常自动退出,@微信苹果版,2017-12-02
488,新版微信卡的要死，有了X就把你爹6给忘了,@微信苹果版,2017-12-02
489,手机版都可以拍小视频发小视频，iPad的为什么不能拍不能发？心塞,@微信苹果版,2017-12-02
490,不知道怎么回事，总觉得自己设置得不对，不能好好的使用，和以前用运营商短信天差地别。,@微信苹果版,2017-12-02
491,更新之后闪退非常频繁,@微信苹果版,2017-12-02
492,在一起就好了？这些是一？一一道来一？在家？？这？？在一起就。，，，一个，，？在！！！不能不！！。你要我去哪里玩玩吧。你要我去哪里玩玩吧。你要我去哪里玩玩而已。你要我去哪里。你要去我们那里吗一切众生之所见人了？这些是因为你的原因导致我们在外奔波了一个小时候后又不失一下的生活方式不同？一定是个性鲜明。一起去看看这个吧！一切众生都会说一个笑话这样才好点没有！一定会来找茬你说什么？这些天津滨海新区塘沽大了？这？在一起就好像没有那么简单,@微信苹果版,2017-12-02
493,微信呀，你能不能针对iPhone x优化好？老是在后台被杀，或者在屏幕上切换时被杀，我都得了地球恐惧症了！,@微信苹果版,2017-12-02
494,微信为什么会卡,@微信苹果版,2017-12-02
495,希望恢复原状。,@微信苹果版,2017-12-02
496,很好用不错，很好用不错，很好用不错，很好用不错，很好用不错，很好用不错，很好用不错，很好用不错，很好用不错，很好用不错，很好用不错，很好用不错，很好用不错，很好用不错，很好用不错，很好用不错，很好用不错，很好用不错，很好用不错，很好用不错，很好用不错，很好用不错，很好用不错，很好用不错，很好用不错，很好用不错，很好用不错，很好用不错，很好用不错，很好用不错，很好用不错，很好用不错，很好用不错，很好用不错，很好用不错，很好用不错，很好用不错，很好用不错，很好用不错，很好用不错，很好用不错，很好用不错，很好用不错，很好用不错，很好用不错，很好用不错，很好用不错，很好用不错，很好用不错，很好用不错，很好用不错，很好用不错，很好用不错，很好用不错，很好用不错，很好用不错，很好用不错，很好用不错，很好用不错，很好用不错，很好用不错，很好用不错，很好用不错，很好用不错，很好用不错，很好用不错，很好用不错，很好用不错，很好用不错，很好用不错，很好用不错，很好用不错，很好用不错，很好用不错，很好用不错，很好用不错，很好用不错，很好用不错，很好用不错，很好用不错，很好用不错，很好用不错，很好用不错，很好用不错，很好用不错，很好用不错，很好用不错，很好用不错，很好用不错，很好用不错，很好用不错，很好用不错，很好用不错，很好用不错，很好用不错，很好用不错，很好用不错，很好用不错，很好用不错，很好用不错，很好用不错，很好用不错，很好用不错，很好用不错，很好用不错，很好用不错，很好用不错，很好用不错，很好用不错，很好用不错，很好用不错，很好用不错，很好用不错，很好用不错，很好用不错，很好用不错，很好用不错，很好用不错，很好用不错，很好用不错，很好用不错，很好用不错，很好用不错，很好用不错，很好用不错，很好用不错，很好用不错，很好用不错，很好用不错，很好用不错，很好用不错，很好用不错，很好用不错，很好用不错，很好用不错，很好用不错，很好用不错，很好用不错，很好用不错，很好用不错，很好用不错，很好用不错，很好用不错，很好用不错，很好用不错，很好用不错，很好用不错，很好用不错，很好用不错，很好用不错，很好用不错，很好用不错，很好用不错，很好用不错，很好用不错，很好用不错，很好用不错，很好用不错，很好用不错，很好用不错，很好用不错，很好用不错，很好用不错，很好用不错，很好用不错，很好用不错，很好用不错，很好用不错，很好用不错，很好用不错，很好用不错，很好用不错，很好用不错，很好用不错，很好用不错，很好用不错，很好用不错，很好用不错，很好用不错，很好用不错，很好用不错，很好用不错，很好用不错，很好用不错，很好用不错，很好用不错，很好用不错，很好用不错，很好用不错，很好用不错，很好用不错，很好用不错，很好用不错，很好用不错，很好用不错，很好用不错，很好用不错，很好用不错，很好用不错，很好用不错，很好用不错，很好用不错，很好用不错，很好用不错，很好用不错，很好用不错，很好用不错，很好用不错，很好用不错，很好用不错，很好用不错，很好用不错，很好用不错，很好用不错，很好用不错，很好用不错，很好用不错，很好用不错，很好用不错，很好用不错，很好用不错，很好用不错，很好用不错，很好用不错，很好用不错，很好用不错，很好用不错，很好用不错，很好用不错，很好用不错，很好用不错，很好用不错，很好用不错，很好用不错，很好用不错，很好用不错，很好用不错，很好用不错，很好用不错，很好用不错，很好用不错，很好用不错，很好用不错，很好用不错，很好用不错，很好用不错，很好用不错，很好用不错，很好用不错，很好用不错，很好用不错，很好用不错，很好用不错，很好用不错，很好用不错，很好用不错，很好用不错，很好用不错，很好用不错，很好用不错，很好用不错，很好用不错，很好用不错，很好用不错，很好用不错，很好用不错，很好用不错，很好用不错，很好用不错，很好用不错，很好用不错，很好用不错，很好用不错，很好用不错，很好用不错，很好用不错，很好用不错，很好用不错，很好用不错，很好用不错，很好用不错，很好用不错，很好用不错，很好用不错，很好用不错，很好用不错，很好用不错，很好用不错，很好用不错，很好用不错，很好用不错，很好用不错，很好用不错，很好用不错，很好用不错，很好用不错，很好用不错，很好用不错，很好用不错，很好用不错，很好用不错，很好用不错，很好用不错，很好用不错，很好用不错，很好用不错，很好用不错，很好用不错，很好用不错，很好用不错，很好用不错，很好用不错，很好用不错，很好用不错，很好用不错，很好用不错，很好用不错，很好用不错，很好用不错，很好用不错，很好用不错，很好用不错，很好用不错，很好用不错，很好用不错，很好用不错，很好用不错，很好用不错，很好用不错，很好用不错，很好用不错，很好用不错，很好用不错，很好用不错，很好用不错，很好用不错，很好用不错，很好用不错，很好用不错，很好用不错，很好用不错，很好用不错,@微信苹果版,2017-12-02
497,我对这个注册过程打0分。我是真搞不懂你现在为什么要搞这么麻烦，你有考虑过你那一系列乱七八糟的b注册条件让70后以下的长辈们很痛苦吗？不，你让我这么个90后也很痛苦，你们为什么要让自己尊贵的用户从一开始就有痛苦的感受？你为什么要搞什么jb向好友扫二维码验证？还要是一年以上的，还要是一个月以内没扫过的，wcnm？你说你们为了防止恶意刷号，我tm管你恶意刷不刷？你tm一个大软件公司出点问题都不能自己内部解决，还要麻烦各位用户大佬？贼jb6，全世界注册还要有好友“允许”的就你一家了吧？挣那么多钱，技术人员连防止恶习刷号的策略都没有？请你取消这一项流程，本来发短信就已经很麻烦了，今天我妈让我帮她注册，我真不敢想，这要是长辈们自己没有，想注册了，该怎么玩，呵呵，现在中年老年也用微信了，大哥们？照顾一下好不好？差评！,@微信苹果版,2017-12-02
498,老旧版本是正常的，现在已经很多个版本这样问题了！,@微信苹果版,2017-12-02
499,为啥没有捂脸那些表情了吖,@微信苹果版,2017-12-02
500,试过很多方式都无法让新加的号码推荐我好友。,@微信苹果版,2017-12-02
501,卡死了！！能不能好好修复一下？,@微信苹果版,2017-12-02
502,自更新新版本经常卡死希望改回,@微信苹果版,2017-12-02
503,还可以比以前好用1,@微信苹果版,2017-12-02
504,希望可以更新一个找回好友的方式，包括扫码加好友的好友,@微信苹果版,2017-12-02
505,为啥要把UI设计成分栏？而且优酷的视频不能全屏播放，感觉太糟糕了,@微信苹果版,2017-12-02
506,升级后为啥看不到朋友圈啦！,@微信苹果版,2017-12-02
507,不知道是手机还是微信本身的问题,@微信苹果版,2017-12-02
508,切换回微信时，重启，时常闪退。消息数目显示几十条，打开后显示几条。望关注并解决,@微信苹果版,2017-12-02
509,有新消息通知，点击打开了，却定位的是上次打开的位置，不能直接定位到新消息的位置。,@微信苹果版,2017-12-02
510,这微信版本越更新越垃圾,@微信苹果版,2017-12-02
511,只要解屏就能登陆,@微信苹果版,2017-12-02
512,你好，开发者，最近我的微信在iphone6 ios10.3.3系统上容易闪退，如何修复这个问题呢，在线等！,@微信苹果版,2017-12-02
513,更新过后，不能发语音，只能插着耳机才可以。有人和我有一样的情况吗？,@微信苹果版,2017-12-02
514,为什么不能像以前一样关闭朋友圈？垃圾,@微信苹果版,2017-12-02
515,微信的时候你会觉得是自己一手货源一个人去皮去除角质后外加上有一个不想要不要下去的理由。我是个不错，我的心去对待每一次又来了？,@微信苹果版,2017-12-02
516,还不错哦！感觉挺流畅的！,@微信苹果版,2017-12-02
517,差评差评差评！聊天背景设置会变模糊,@微信苹果版,2017-12-02
518,"我觉得还是以前的“关闭朋友圈”的方式比较好。就是直接关闭,别人什么都看不到,然后下面有一条线,并且提示说“朋友圈暂未启用”。这种方式才是真正的做到了“关闭”朋友圈",@微信苹果版,2017-12-02
519,怎么QQ和微信不能单个删除自己不想要的项目和数据？QQ和微信软件体积太大，好占手机内存喔！,@微信安卓版,2017-11-27
520,为什么下载了，没有朋友圈,@微信安卓版,2017-11-27
521,多开微信很好有，值得信赖,@微信安卓版,2017-11-27
522,垃极的很老占内存了妈的,@微信安卓版,2017-11-27
523,微信就是垃圾软件不要脸的坑人钱的煞笔,@微信安卓版,2017-11-27
524,从萌怪优惠券平台买的很便宜  百度搜一下萌怪优惠券就找到了,@微信安卓版,2017-11-28
525,收完后交易记录显示钱收到,@微信安卓版,2017-11-28
526,为什么下载了，没有朋友圈这个了,@微信安卓版,2017-11-28
527,怎样恢复微信,@微信安卓版,2017-11-28
528,唉，我的微信能上但不能登陆，有时登陆一两天之后又没了，输入密码再登就上不去了,@微信安卓版,2017-11-28
529,我的机支持62554,@微信安卓版,2017-11-28
530,我的微信摇一摇有问题,@微信安卓版,2017-11-29
531,怎么这里面微信打不开呢？,@微信安卓版,2017-11-29
532,干几天？我的微信开不了。,@微信安卓版,2017-11-29
533,微信登不了呢？,@微信安卓版,2017-11-29
534,小伙伴们，给大家发红包喽！人人可领，领完就能用。祝大家领取的红包金额大大大！吱口令长按复制此消息，打开支付宝就能领取！ZzO6UO62J3,@微信安卓版,2017-11-29
535,这个微信真的很好！,@微信安卓版,2017-11-29
536,我操你妈的微信，我什么没干，被举报了，活动都参加不了，你个傻B玩意，劳资一分也不想给你，,@微信安卓版,2017-11-29
537,你妈了逼狗微信，参加活动还说我作弊了，去你妈的死垃圾，不用也罢，,@微信安卓版,2017-11-29
538,别的不说，就一个漂流瓶都做不好，没几句话说着说着几个人同时都没动静了，这技术也好意思把产品拿出来上线,@微信安卓版,2017-11-29
539,下了微信不见了,@微信安卓版,2017-11-29
540,删除不了别人在自己朋友圈里的恶心评论，就好像不能铲掉别人在我院子里拉的屎一样，现在我院子里有三坨屎，我处理不了。我用了几年微信，最近才遇到这种情况，等你们遇到了，被逼得删掉说说的时候，也会有删除微信的冲动的。加个删除键，不影响非受众的使用吧？,@微信安卓版,2017-11-29
541,微信微信微妙的就信了不信也得信,@微信安卓版,2017-11-30
542,为什么内存清了还上不去微信,@微信安卓版,2017-11-30
543,为什么我发别人的信息跑到另外一个好友那里去了,@微信安卓版,2017-11-30
544,差评，同一个手机登陆不了，还少二维马，短信都不能登陆,@微信安卓版,2017-11-30
545,一直封号，解封还特麻烦,@微信安卓版,2017-11-30
546,微信为什么不能和QQ一样，删除好友就双方删除。,@微信安卓版,2017-11-30
547,差评，同一个手机都登录不了，还扫二维码好友辅助，手机短信都登不了,@微信安卓版,2017-11-30
548,数据经常丢失,@微信安卓版,2017-12-01
549,为什么我的微信版本太低注册不了,@微信安卓版,2017-12-01
550,差评，老是五花八门的封号，搞什么环境安全问题都有，莫名其妙，一颗星都不想给,@微信安卓版,2017-12-01
551,占内存，但是还可以,@微信安卓版,2017-12-01
552,微信打不开啊,@微信安卓版,2017-12-01
553,我的微信打不开为什么？,@微信安卓版,2017-12-01
554,可以，但QQ更好,@微信安卓版,2017-12-01
555,特么的苹果6更新完后直接打不开了，一直闪退。,@微信苹果版,2017-12-01
556,越来越差，为什么常常卡住。ios11.1.2。,@微信苹果版,2017-12-01
557,手机丢了，刚重新下载，可是怎么也下不了？一直是方块状态,@微信苹果版,2017-12-01
558,如果忘记收钱了 能来提醒吗,@微信苹果版,2017-12-01
559,换了iPhoneX以后微信来了之后不响，不震动。开启微信以后在4G网络或者Wi-Fi下要接受很长时间,@微信苹果版,2017-12-01
560,微信新版本更新完安装不了 无法使用了,@微信苹果版,2017-12-01
561,"如题,新版本不能关闭视频聊天功能",@微信苹果版,2017-12-01
562,为什么不能转账？？？？,@微信苹果版,2017-12-01
563,希望能回复到原来的横屏大界面,@微信苹果版,2017-12-01
564,强烈要求开通这个功能，大家都是好友的时候赞这条朋友圈别的共同好友都能看见，影响了个人私密性，不想让别的好友看见我也赞了，就得有一个私密赞，只有发朋友圈的当事人和我知道，这样能保证个人的隐私,@微信苹果版,2017-12-01
565,不是很好，怎么成了齐刘海了,@微信苹果版,2017-12-01
566,这个版本太耗了,@微信苹果版,2017-12-01
567,老是更新不写更新了什么或者好几个版本更新内容一样,@微信苹果版,2017-12-01
568,适配x是什么意思！差评。完全没有适配好吧！,@微信苹果版,2017-12-01
569,如果朋友圈能发长视频就好了，而不是局限于10秒,@微信苹果版,2017-12-01
570,更新之后打开时那个地球没有了，只有黑屏了,@微信苹果版,2017-12-01
571,微信一直很好用，卫衣不好是我觉得聊天页面的布局太大，我觉得可以将气泡稍微调整小一点。页面可以显示更多的内容。我喜欢字小一点。但是最小号的字体显示出来也很大,@微信苹果版,2017-12-01
572,哈哈哈哈哈好开心的时候,@微信苹果版,2017-12-01
573,有没有人出现更新以后打不开的情况？适配X，也不能让我们都用不成吧！！！！！,@微信苹果版,2017-12-01
574,微信都挺好的  就是吃流量,@微信苹果版,2017-12-01
575,微信不人性化,@微信苹果版,2017-12-01
576,什么时候能转发语音,@微信苹果版,2017-12-01
577,这版本超级难用，开照片会先黑屏,@微信苹果版,2017-12-01
578,说好的适配X，为啥聊天两分钟之内不可以撤回图片呢？,@微信苹果版,2017-12-01
579,渣渣软件，要不是被社会逼着使用绝对不用zhe功能残缺的垃圾软件,@微信苹果版,2017-12-01
580,朋友圈能不能添加个一键返回顶部,@微信苹果版,2017-12-01
581,更新了最新版之后就不停闪退,@微信苹果版,2017-12-01
582,1微信拍照增加“闪光灯”，提高夜间或昏暗场景拍照亮度和清晰度2照片编辑增加“翻转角度”功能，这样不用每次M着拍照都要其他app处理后才能发给微信继续编辑。,@微信苹果版,2017-12-01
583,好好好啊你把你把我要预存款式神童年腊月二十八星宿派人都行的钱了吗的了哇哇的钱包照一张图书馆学生,@微信苹果版,2017-12-01
584,每次发语音的时候，如果手指不动，在10秒的时候就自动发送出去了。,@微信苹果版,2017-12-01
585,低端人口 为什么不能在朋友圈评论？,@微信苹果版,2017-12-01
586,为什么一会不看微信，会自动退出,@微信苹果版,2017-12-01
587,这个版本在平板上使用不支持朋友圈上传小视频，很郁闷,@微信苹果版,2017-12-01
588,希望微信能完善到 心情可以发动态图片,@微信苹果版,2017-12-01
589,加个换个主题功能可以么 一直感觉中国社交软件太古板,@微信苹果版,2017-12-01
590,适配iPhoneX 意思就是iPhone其它型号的手机都用不了这些软件了呗,@微信苹果版,2017-12-01
591,不能在朋友圈评论区发表“低端人口”四个字，请尽快修复此bug。,@微信苹果版,2017-12-01
592,出门手机在手，哪里可以走,@微信苹果版,2017-12-01
593,低端人口等敏感词子对自己可见，不提示不能发部这样默默阉割你是疯了吗腾讯！,@微信苹果版,2017-12-01
594,一点都不好用 老是丢文件信息,@微信苹果版,2017-12-01
595,为什么我更新不了我的微信？,@微信苹果版,2017-12-01
596,为什么现在app评论都是广告？？？苹果可以管一管吗？？？？,@微信苹果版,2017-12-01
597,更新后竟然打不开了,@微信苹果版,2017-12-01
598,应该更新删除好友可以从对方账号上也同时删除掉,@微信苹果版,2017-12-01
599,还是没有可以更改微信提示音，太单调啦！,@微信苹果版,2017-12-01
600,请增加锁屏便捷回复消息功能,@微信苹果版,2017-12-01
601,网罗全球品牌，精选尾货首发汇集经典大牌，小众品牌，全球火爆好货首发阵地，供求信息实时秒达每个商家微信，,@微信苹果版,2017-12-01
602,当初修改微信号的时候没有考虑周全，这样想换又换不起来，重新注册所有好友和朋友圈都没了，实在太麻烦了。跟微信反映过几次，也留了号码，连一个反馈也没有。   既然微信号只能修改一次，那有没有办法设置成不让别人看到呢？啊？啊？啊？,@微信苹果版,2017-12-01
603,帮助与反馈下面的导航栏被遮住了,@微信苹果版,2017-12-01
604,不然很难分清到底谁的手机响啊，可以自选微信铃声吗,@微信苹果版,2017-12-01
605,突然崩溃，，把我重要的聊天记录弄没了，而且无法修复！！！很严重的问题！希望给我一个答复！！！,@微信苹果版,2017-12-01
606,不能及时收到信息,@微信苹果版,2017-12-01
607,我第一次评论好紧张啊 用不用脱啊 有没有潜规则什么的 说的太少会不会让别人觉得我不走心 说的太多别人是不是会以为我故意炫耀我的文化底蕴 好紧张啊 到底应该怎么评论才恰当呢,@微信苹果版,2017-12-01
608,基本上所有社交软件都支持分享音乐同时分享照片的功能，个人认为这个功能还是挺实用的,@微信苹果版,2017-12-01
609,火影无法登录,@微信苹果版,2017-12-01
610,老是闪退 还不如不更新,@微信苹果版,2017-12-01
611,微信能不能自己出一个知道被别人删掉的功能啊，如果已经被删掉，简直是浪费时间，浪费空间，浪费精力！浪费感情！,@微信苹果版,2017-12-01
612,那个打银行广告的，你ma ma月精来了，喊你回家去给她舔干净,@微信苹果版,2017-12-01
613,最近身边人的微信总是载入数据失败提示的字眼！！！！！,@微信苹果版,2017-12-01
614,我用微信好长时间了.这段时间有两次发朋友圈信息发不出去.照片也发不了.特别是昨晚和今天时间最长.到现在还没有解决.,@微信苹果版,2017-12-01
615,垃圾不能屏蔽，京东，火车票，等等等等都能产生垃圾。烦求的很,@微信苹果版,2017-12-01
616,有时候想要找一个很久以前朋友发过的朋友圈内容，要翻很久很久，如果有针对每个人朋友圈的历史内容搜索功能，将会方便很多。,@微信苹果版,2017-12-01
617,去特么的sb程序员，ipad和手机同时在线iPad微信收不到信息,@微信苹果版,2017-12-01
618,破版本，更新完微信打不开了,@微信苹果版,2017-12-01
619,聊天背景图片失真，视频脸很大，都多久了还不更新好,@微信苹果版,2017-12-01
620,6.5.8的版本可以收藏名片  为什么现在的不可以了 为什么 为什么 这么好的一功能为什么要取消掉,@微信苹果版,2017-12-01
621,给你一个五星,@微信苹果版,2017-12-01
622,请帮我申请微粒贷,@微信苹果版,2017-12-01
623,建议删除该软件,@微信苹果版,2017-12-01
624,卡死了 说是适配X 卡的要死啊,@微信苹果版,2017-12-01
625,某条已发朋友圈设置了部分人可见 但是有时候就希望再拉进其他人可见 就不能设置了 总不能再重复发一次朋友圈呀  望采纳。,@微信苹果版,2017-12-01
626,新版本后iPhone x锁屏下提示音和提示都没有了，必须打开手机才有！,@微信苹果版,2017-12-01
627,如题 怎么微笑就不能做到像支付宝那样的下来扫描呢还有就是只有一样的主题 不能设计多几个主题出来吗？期待设计者努力,@微信苹果版,2017-12-01
628,希望以后出一个发送静音消息的功能，在休息时间段发送消息，不会打扰到别人。,@微信苹果版,2017-12-01
629,手机必备应用,@微信苹果版,2017-12-01
630,微信跟新不了删了重下不了了怎么办,@微信苹果版,2017-12-01
631,微信一直监控使用人的聊天,@微信苹果版,2017-12-01
632,更新后，总死机，苹果air2.果断卸载。治治吧！！,@微信苹果版,2017-12-01
633,微信视频聊天什么时候可以有美颜功能啊,@微信苹果版,2017-12-01
634,每次发信息都不知道对方读没读，强迫症患者希望能有一个看到已读的功能还有希望 朋友圈可以发动图,@微信苹果版,2017-12-01
635,表情只能300个！很烦啊！能不能无限制啊？！！！,@微信苹果版,2017-12-01
636,实在是不习惯在iPad上用微信分栏，本来是用来学习和看视频，结果微信分栏一处，明明能全屏的资料直接变成了半屏模式，很费神啊，能不能去掉分栏,@微信苹果版,2017-12-01
637,我不知道它就升级了。,@微信苹果版,2017-12-01
638,发送小语音经常碰到退出键,@微信苹果版,2017-12-01
639,希望朋友圈别人的评论，发朋友圈的人可以删掉，不然那些很恶心的评论让人想把发的内容都删掉，而且就算把那个人删掉，他的评论还在，就有点不爽。,@微信苹果版,2017-12-01
640,外面提示有信息了，但点进去之后没了,@微信苹果版,2017-12-01
641,隐私条款不同意，就是不同意你通过任何方法或者因为任何原因来收集我的隐私。我不同意你就不让我用？呵呵。,@微信苹果版,2017-12-01
642,什么时候把微信启动也加个密码或者指纹啊，更保护隐私安全,@微信苹果版,2017-12-01
643,微信自动就删除了好友申请记录什么的，找都找不到，，，真是够了,@微信苹果版,2017-12-01
644,8版本更新后打不开微信啊！赶紧修复啊,@微信苹果版,2017-12-01
645,照片和小视频总是拍不了,@微信苹果版,2017-12-01
646,不好，个人认为没有上个版本好，加载页面明显变慢了，锁屏时通知消息看着也很不舒服,@微信苹果版,2017-12-01
647,昨天中奖，今天继续中奖,@微信苹果版,2017-12-01
648,垃圾垃圾垃圾,@微信苹果版,2017-12-01
649,现在IPAD版面难用死了，一半联系人，一半内容，打开些东西还只有一半，不像手机那样，一版是一版,@微信苹果版,2017-12-01
650,微信里视频那些多搞点有意思的呀，不然QQ都在更新，好像微信更新来更新去没多大变化，没意思,@微信苹果版,2017-12-01
651,有时候自己发条动态忘了屏蔽然后被评论些恶心的话，但自己不能自己删除真的很心塞。希望能像QQ空间一样单方删除评论！,@微信苹果版,2017-12-01
652,希望赶紧更新视频通话美颜功能啊,@微信苹果版,2017-12-01
653,现在的ipad版微信只能用右半边屏幕打开聊天窗口了，强行给你中分屏幕左边加塞无用目录占屏。偌大个ipad非得搞成手机版聊天窗口的大小，恶心死了！！！,@微信苹果版,2017-12-01
654,为啥我收消息都有延迟,@微信苹果版,2017-12-01
655,太他么垃圾了,@微信苹果版,2017-12-01
656,本来以为更新完应该很流畅的，好在好了正常使用都困难了,@微信苹果版,2017-12-01
657,能不能给聊天记录除了置顶功能，再加个锁定或者防删功能，仅仅是建议，谢谢！,@微信苹果版,2017-12-01
658,已更新  朋友圈没了,@微信苹果版,2017-12-01
659,啦咯啦咯啦咯,@微信苹果版,2017-12-01
660,下载个微信将近半个小时，速度也太慢了吧，到了崩溃的边缘了！！！,@微信苹果版,2017-12-01
661,无法发语音，底部的信息显示不了,@微信苹果版,2017-12-01
662,更新个毛线哦，无线网好好的，点了更新一点都不动！,@微信苹果版,2017-12-01
663,在注视着x的时候 开微信不是应该不响声音么？怎么新版本还是会响声音啊 我记得之前是好用的啊,@微信苹果版,2017-12-01
664,为什么iOS的微信提示音不能更改？满大街用苹果的。一响都不知道是谁的，都拿手机出来看看才知道。望微信能更新一下这个功能。谢谢,@微信苹果版,2017-12-01
665,我微信每年进出一百来万为什么还没有微粒贷，别人没怎么用都开通了,@微信苹果版,2017-12-01
666,视频怎么发朋友圈,@微信苹果版,2017-12-01
667,手机微信太占内存了,@微信苹果版,2017-12-01
668,为什么无法更新,@微信苹果版,2017-12-01
669,不多，就左上角的时间没了,@微信苹果版,2017-12-01
670,最新iPad 版本朋友圈没法发视频,@微信苹果版,2017-12-01
671,什么时候能把不小心删除的聊天记录恢复就ok了,@微信苹果版,2017-12-01
672,不更新的话有些红包领不了，更新的话消息纪录全部没有，还能更垃圾一点吗,@微信苹果版,2017-12-01
673,这就算适配X了,@微信苹果版,2017-12-01
674,而不是“请使用微信手机客户端打开”,@微信苹果版,2017-12-01
675,山西等级工作：在这个网站是什么样子呢！一定之法拉,@微信苹果版,2017-12-01
676,更新后，为什么要删掉对话记录，收回消息都要再次确认了。好麻烦啊。重复操作的。也没地方把这个关掉，一点都不方便。,@微信苹果版,2017-12-01
677,使用微信号登陆微信的时候 为什么不能使用搜狗输入法 只能用系统的输入法？很不方便!,@微信苹果版,2017-12-01
678,为何更新不了,@微信苹果版,2017-12-01
679,锁屏状态下来消息，没有任何的提示，我就呵呵哒了,@微信苹果版,2017-12-01
680,微信什么时候才能有视频美颜的功能啊？,@微信苹果版,2017-12-01
681,以前手机端关闭锁屏时显示消息内容的情况下 在Apple Watch上来新消息时也可以看到内容，现在只提示有新消息，很不方便，建议改回任何情况下来新消息watch上都显示内容,@微信苹果版,2017-12-01
682,有好多次都是因为点的太快发错了，想撤回来就不可以，很不方便,@微信苹果版,2017-12-01
683,感觉很别扭，额头太宽了，窄一点或许会更好,@微信苹果版,2017-12-01
684,今天才发现，微信竟然不能发GIF我觉得加这个功能挺好的,@微信苹果版,2017-12-01
685,希望能开发新功能：同时登录两用户。,@微信苹果版,2017-12-01
686,朋友圈里分享小视频的时间太短了，只有10秒，建议至少分享到15秒以上。建议朋友圈可以选择对一部分人只展示三天或者半年的朋友圈，而不是对所有人。,@微信苹果版,2017-12-01
687,删除聊天记录的时候可不可以不提示，之前都不用提示，可不可以把这个省略掉,@微信苹果版,2017-12-01
688,一直以来都在使用的，已经离不开了,@微信苹果版,2017-12-01
689,闪退，最近总是闪退，今天就闪退三次,@微信苹果版,2017-12-01
690,微信应该弄一个信息已读提示,@微信苹果版,2017-12-01
691,更没了？？？,@微信苹果版,2017-12-01
692,更新了，系统没跟上，上不了，后悔啊,@微信苹果版,2017-12-01
693,赶紧更新！！,@微信苹果版,2017-12-01
694,更新后看一看里面的视频都特么看不了了，天天特么的瞎几把更新,@微信苹果版,2017-12-01
695,微信为什么一发语音就卡，可以退出微信但是就是一发语音就卡。谁能告诉我啥情况。,@微信苹果版,2017-12-01
696,为什么新版本微信老闪退，怪我没有更新iOS11咩,@微信苹果版,2017-12-01
697,打开了通讯录通知，不能显示,@微信苹果版,2017-12-01
698,不是说更新后可以连接无线网的吗？,@微信苹果版,2017-12-01
699,晚上吵的老子睡不着觉,@微信苹果版,2017-12-01
700,每次让 Siri给我发微信时总是发不出去？这是什么问题,@微信苹果版,2017-11-30
701,快点更新啊啊啊啊啊啊啊啊啊啊啊,@微信苹果版,2017-11-30
702,发不了语音。为什么为什么为什么发不了语音。为什么为什么为什么发不了语音。为什么为什么为什么发不了语音。为什么为什么为什么发不了语音。为什么为什么为什么发不了语音。为什么为什么为什么发不了语音。为什么为什么为什么发不了语音。为什么为什么为什么发不了语音。为什么为什么为什么发不了语音。为什么为什么为什么发不了语音。为什么为什么为什么,@微信苹果版,2017-11-30
703,置底置底置底置底，屏蔽消息不要出现小红点好吗？,@微信苹果版,2017-11-30
704,希望增加一项被删掉后可恢复的功能,@微信苹果版,2017-11-30
705,建议部分可见功能在发完朋友圈后可以修改,@微信苹果版,2017-11-30
706,最近微信很卡，各种卡，在网上也查了，普遍问题，今天无意中重启了下手机，微信竟然不卡了，大家可以试试看，可能能解决你们的问题,@微信苹果版,2017-11-30
707,微信的好友上限5000人。这么庞大的好友人数，怎么分组？怎么批量设置标签？在手机端操作，非常不方便！而且电脑端也不支持这些功能！很烦躁！,@微信苹果版,2017-11-30
708,莫名其妙闪退之后打不开了,@微信苹果版,2017-11-30
709,点击底bar“我”，页面顶部有较大留白 评论一星是希望你们看下问题,@微信苹果版,2017-11-30
710,没有置顶很不方便 希望可以有 这样重要的人就可以一直置顶,@微信苹果版,2017-11-30
711,十分钟闪退8次,@微信苹果版,2017-11-30
712,实用方便，不过最好在添加联系人时最好再加一个功能就是用昵称搜索，这样比较方便。,@微信苹果版,2017-11-30
713,为什么我没有微粒贷,@微信苹果版,2017-11-30
714,我想问问 为什么我iPhonex下载完微信 微信自带的表情少很多呢 比如说捂脸那些就没有,@微信苹果版,2017-11-30
715,新版本苹果x的意见与反馈界面看不到下面的菜单，无法反馈问题，请尽快更新，另外适配x的版本顶部能变下颜色吗，白色最好，因为顶部是黑色并且不是纯黑，很容易烧屏，毕竟现在打开手机用的最多的就是微信了,@微信苹果版,2017-11-30
716,没有半星，真的只能给半星了,@微信苹果版,2017-11-30
717,微信这功能很全面现在的社会只要微信在，现金完全可以不带，这个区块链对我们老百姓非常实用，感谢后台的工作人员的努力和付出。,@微信苹果版,2017-11-30
718,由于是在底部按住 很容易触动到底部上划的横线  中断语音,@微信苹果版,2017-11-30
719,希望广大网友看到这条评论之后像我一样给微信每日一星。,@微信苹果版,2017-11-30
720,更新之后总是闪退，而且有时候会不提示消息。这个bug可以解决一下吗。,@微信苹果版,2017-11-30
721,真的希望大家能够在一定范围内的一个不停不下来。。是一部电视剧频道黄金时段为你带来了一个不爱说话就十分便利，是在哪里这些问题了这些问题上有你陪伴真皮鱼嘴粗跟凉鞋厚底罗马系带女鞋单镂空的设计风格为主，我的人都是我的人都是我的人都是我的人都是我的人也在看了我是一个很难受到了一个人的时候也不能这么一来是否有些遗憾没,@微信苹果版,2017-11-30
722,朋友圈里的内容越积越多，很难删除！占用空间太大！,@微信苹果版,2017-11-30
723,打开微信 上方一黑条 微信and + 这一块黑色的能不能 适配一下 看着变扭,@微信苹果版,2017-11-30
724,1，如果可以的话就在删掉某人重新加回时在不另外备份的情况下能找回聊天记录。2，自己发布的朋友圈能有置顶的功能。3，朋友圈三天可见，半年可见，全部可见，可以分别单独好友设置。4，删掉的朋友圈可是又后悔了，有可以找回的功能。以上只是提的建议，我想这也是大部分需要的。希望WeChat可以再完善一下，谢谢。,@微信苹果版,2017-11-30
725,投诉了居然没人理会？,@微信苹果版,2017-11-30
726,怎么都不可以解绑手机号  感觉写到差,@微信苹果版,2017-11-30
727,好用是好用，但是希望打开的时候可以设置成指纹解锁,@微信苹果版,2017-11-30
728,如题吧，瞎聊天玩儿的工具而已！,@微信苹果版,2017-11-30
729,起码十次以上 不小心会按到语音输入 整个思路都打乱了,@微信苹果版,2017-11-30
730,适配x。顶部就不能成白色吗？！！！！,@微信苹果版,2017-11-30
731,好好好好好好好好好好好好好好好,@微信苹果版,2017-11-30
732,说到苹果手机我是不想说太多，这手机也太垃圾了吧，我花5    6千买个手机还不如一个2   3千的手机。苹果手机信号不好，手机本身又卡。特别是升级后，太垃圾了我都不想说。,@微信苹果版,2017-11-30
733,微粒贷没开很没面子求开,@微信苹果版,2017-11-30
734,随便切出去一会儿就会被杀掉,@微信苹果版,2017-11-30
735,最近几个版本是不是不兼容iphone7呢身边的朋友 自己的iphone7，语音聊天老是没声音 不然就是噪音,@微信苹果版,2017-11-30
736,实在太实用了，我很喜欢,@微信苹果版,2017-11-30
737,能否取消分栏，真郁闷啊，太不好用了。,@微信苹果版,2017-11-30
738,啊啊啊啊啊啊啊啊啊啊啊啊啊啊啊啊啊啊啊啊把视频聊天功能整出来，要不就设置屏蔽好友视频聊天功能，天天烦死了,@微信苹果版,2017-11-30
739,问题还没解决，使用第三方输入法 且开启悬浮按钮时，聊天界面容易抖动。请修正。,@微信苹果版,2017-11-30
740,在锁屏界面用语音助手发微信，发不出去，这是怎么回事,@微信苹果版,2017-11-30
741,最近手机微信怎么回事，老是闪退,@微信苹果版,2017-11-30
742,希望苹果手机也能双开微信就好了,@微信苹果版,2017-11-30
743,功能键的字体太小了，有老花眼的人很难看清楚,@微信苹果版,2017-11-30
744,适配ipx后额头太长啊，还不如以前,@微信苹果版,2017-11-30
745,能不能给麻烦适配一下CarPlay这样用的更佳方便,@微信苹果版,2017-11-30
746,真心希望微信能弄个夜间模式啥的，晚上喜欢玩手机的 看微信简直要闪瞎眼,@微信苹果版,2017-11-30
747,不要你任何费用就能玩! 相信你会喜欢上的! 下面的不用看_了! !游戏做的很精良，而且在不断改进和更新，可怜制作团队的良苦用心，游戏想要玩的好些，要定位自己，做一个休闲玩家其实也是不错的选择呢。大家都来吧! 着重还原真实打击感，给玩家打造一场狂拽酷炫的游戏盛宴，全新的横版即时动作格斗游戏，炫丽多样的主角技能，紧张的刺激的战斗节奏，流畅自然的动作组合，给您一场酣畅淋漓的战斗体验，让战斗在指尖起舞。华丽炫目的技能特效，加上超强动作打击感和丰富的多样玩法，让你奏出指尖战斗的最强音! 所谓人靠衣装打架靠菜刀，好的装备必然是获得胜利的重要法宝。若能打造一身好装备，.战斗力那是哗哗地往上蹭。装备打造的图纸和材料都能在游戏副本中获得，但好的材料和图纸需要在难度较大的副本才能获得。所谓铁不打不成钢，装备也一样，打造出好的装备当然少不了强化。游戏我玩了一阵子，很喜欢。很喜欢。很喜欢。中国风的画面和画风和第一章剧情专业的配音很吸引我，玩到后面发现配音没有了。很多对话框没有动态形象了，有点失望。不过人无完人。游戏不可能也做的十全十美，当然后期希望能更进。可能上出于研发经费或者客户端的考虑? 但是作为经典的延续，很希望这些东西能够完善起来，其次，游戏做的不是太方便，按键的布局和逻辑性都有待提高。这点同公司的梦幻做的就很好。最后希望游戏越来越好，总体感觉不错! 人气希望越来越旺。越来越多的人加入。我喜欢游戏可以人性化一点。游戏的玩法，特别是玩家的互动，感觉超级赞。游戏很好，感谢游戏给我生活带来快乐和放_松。有一点觉得游戏里的烹饪一项，做出的包子应该也是有品质的，虽然很小的事情，但是细节决定成败。跟其他的游戏不一样的大概就是这个游戏里充满的都是情谊，每天跟朋友们姐妹们一起交流让角色已经不是单纯的灏⑸而是我们的真感情。感谢有你一直陪伴着我们一起成长! 人进行开发性难道你觉得的奖学金相机三脚架定焦度计地进行减肥呢部分恢复后恢复为解决自己解决思想建设新技术进行建设性精神进行计算机销售继续神经学家神经学家是内心就算那些惊世韩鸟之江死奶奶是小女生小男生先进思想年久修难上加难袭击我就少壮能几时周纪念世界石家庄鸟居卫子境外记者鸟居卫子能忘记你自己无能时间为你设计网站难基伍省今晚就在今晚结束我那瞬间我希望那些今晚那些金额下降卫玩家作为虚拟四姐自我选择危机喜上加喜金额将信息呢好游戏名称某些阶段进行监督都是拉力赛的吉村久夫瑞东范进中举神经学家定居点建设基金都觉得获批到剞劂解决疯狂大家新年新的技能的那些每年消费地学科专家介绍大家唉下贾夫纳市看看大家想,@微信苹果版,2017-11-30
748,更新他吗完了还是那玩意，我擦，真服了啥也不改老她吗更新干啥,@微信苹果版,2017-11-30
749,更新之後超好用,@微信苹果版,2017-11-30
750,微信棒棒哒！！！,@微信苹果版,2017-11-30
751,防民之口 甚于防川,@微信苹果版,2017-11-30
752,天天适配！ wsnmlgb,@微信苹果版,2017-11-30
753,我的手机更新过新版本以后，用数据可以上，用wifi不行了！,@微信苹果版,2017-11-30
754,今天晚上六点左右更新的，到现在出现了n次闪退，重新打开！！！,@微信苹果版,2017-11-30
755,特么的苹果6更新完后直接打不开了，一直闪退。,@微信苹果版,2017-11-30
756,越来越差，为什么常常卡住。ios11.1.2。,@微信苹果版,2017-11-30
757,手机丢了，刚重新下载，可是怎么也下不了？一直是方块状态,@微信苹果版,2017-11-30
758,如果忘记收钱了 能来提醒吗,@微信苹果版,2017-11-30
759,换了iPhoneX以后微信来了之后不响，不震动。开启微信以后在4G网络或者Wi-Fi下要接受很长时间,@微信苹果版,2017-11-30
760,微信新版本更新完安装不了 无法使用了,@微信苹果版,2017-11-30
761,"如题,新版本不能关闭视频聊天功能",@微信苹果版,2017-11-30
762,为什么不能转账？？？？,@微信苹果版,2017-11-30
763,希望能回复到原来的横屏大界面,@微信苹果版,2017-11-30
764,强烈要求开通这个功能，大家都是好友的时候赞这条朋友圈别的共同好友都能看见，影响了个人私密性，不想让别的好友看见我也赞了，就得有一个私密赞，只有发朋友圈的当事人和我知道，这样能保证个人的隐私,@微信苹果版,2017-11-30
765,不是很好，怎么成了齐刘海了,@微信苹果版,2017-11-30
766,这个版本太耗了,@微信苹果版,2017-11-30
767,老是更新不写更新了什么或者好几个版本更新内容一样,@微信苹果版,2017-11-30
768,适配x是什么意思！差评。完全没有适配好吧！,@微信苹果版,2017-11-30
769,如果朋友圈能发长视频就好了，而不是局限于10秒,@微信苹果版,2017-11-30
770,更新之后打开时那个地球没有了，只有黑屏了,@微信苹果版,2017-11-30
771,微信一直很好用，卫衣不好是我觉得聊天页面的布局太大，我觉得可以将气泡稍微调整小一点。页面可以显示更多的内容。我喜欢字小一点。但是最小号的字体显示出来也很大,@微信苹果版,2017-11-30
772,哈哈哈哈哈好开心的时候,@微信苹果版,2017-11-30
773,有没有人出现更新以后打不开的情况？适配X，也不能让我们都用不成吧！！！！！,@微信苹果版,2017-11-30
774,微信都挺好的  就是吃流量,@微信苹果版,2017-11-30
775,微信不人性化,@微信苹果版,2017-11-30
776,什么时候能转发语音,@微信苹果版,2017-11-30
777,这版本超级难用，开照片会先黑屏,@微信苹果版,2017-11-30
778,说好的适配X，为啥聊天两分钟之内不可以撤回图片呢？,@微信苹果版,2017-11-30
779,渣渣软件，要不是被社会逼着使用绝对不用zhe功能残缺的垃圾软件,@微信苹果版,2017-11-30
780,朋友圈能不能添加个一键返回顶部,@微信苹果版,2017-11-30
781,更新了最新版之后就不停闪退,@微信苹果版,2017-11-30
782,招聘兼职人员任何职业都可以只要有手机电脑，工资可日结，支付宝微信，需要的可以私聊V           wx982264318,@微信苹果版,2017-11-30
783,1微信拍照增加“闪光灯”，提高夜间或昏暗场景拍照亮度和清晰度2照片编辑增加“翻转角度”功能，这样不用每次M着拍照都要其他app处理后才能发给微信继续编辑。,@微信苹果版,2017-11-30
784,好好好啊你把你把我要预存款式神童年腊月二十八星宿派人都行的钱了吗的了哇哇的钱包照一张图书馆学生,@微信苹果版,2017-11-30
785,每次发语音的时候，如果手指不动，在10秒的时候就自动发送出去了。,@微信苹果版,2017-11-30
786,低端人口 为什么不能在朋友圈评论？,@微信苹果版,2017-11-30
787,为什么一会不看微信，会自动退出,@微信苹果版,2017-11-30
788,这个版本在平板上使用不支持朋友圈上传小视频，很郁闷,@微信苹果版,2017-11-30
789,希望微信能完善到 心情可以发动态图片,@微信苹果版,2017-11-30
790,朋友圈分组只对当时的好友有效！对以后新加的好友是无效的！希望能早点修复这个bug,@微信苹果版,2017-11-30
791,身为一个微信粉这么多年，一直喜欢用微信，话说研发者什么时候可以让微信改一下微信号，哪怕一次就好，满足广大微信粉的心愿吧,@微信苹果版,2017-11-30
792,加个换个主题功能可以么 一直感觉中国社交软件太古板,@微信苹果版,2017-11-30
793,适配iPhoneX 意思就是iPhone其它型号的手机都用不了这些软件了呗,@微信苹果版,2017-11-30
794,不能在朋友圈评论区发表“低端人口”四个字，请尽快修复此bug。,@微信苹果版,2017-11-30
795,网友提了那么多希望改进的问题 希望微信团队尽快改进  超级烦恼不能删除别人给自己评论的朋友圈,@微信苹果版,2017-11-29
796,不好用，发图片会自动闪退，差评。,@微信苹果版,2017-11-29
797,过去版本横着看会放大，现在画面内容，横竖都一样大了。不方便。,@微信苹果版,2017-11-29
798,在设置里面的帮助与反馈简直骗傻子的。关于微信里面的投诉又让你去帮助于反馈。你直接告诉我没有这个功能不行？垃圾！,@微信苹果版,2017-11-29
799,你们都是沙壁 回家种田去吧,@微信苹果版,2017-11-29
800,关于表情包管理，我有几句话想说：我是个很爱发表情的姑娘，每句话说完不带个表情就难受的那种，没话说的时候也发个表情省事省脑子。 然后，我就发现，每次都不能马上找到自己需要的表情我觉得很多人应该都是有这样的问题的，尤其是现在大部分年轻人都喜欢收藏一些别人发的有趣表情，但是收藏的多了就不容易找到。虽然说十几页的表情左右翻页活动寻找花不了太多时间精力，且表情包管理中的“放到最前”功能还是可以调整表情排列顺序的，但终归太繁琐，所以我希望表情包管理可以更加完善更加人性化。在此提一下我希望表情包能够改进的两个方面：1. 希望自己收藏的表情包能够进行分类，以便于用户能在使用时更快地找到自己所需要的表情。2. 希望每个小分类中的表情能够根据用户使用频率排序，即使用频率最高的排在最前，依次排列。建议每次使用表情后就自动更新排序或者每次微信后台关闭后自动更新排序。最后是对程序猿小哥哥的加油打气，愿你们的努力能使微信better and better！,@微信苹果版,2017-11-29
801,视频聊天最小化之后，在聊天会卡，然后黑屏。在打开微信，还是黑屏，要把后台关闭之后重新打开。,@微信苹果版,2017-11-29
802,请求微信官方解决下禁言的问题，真的带来很大的困扰,@微信苹果版,2017-11-29
803,我希望微信能更新，跟QQ一样能看到访客记录。,@微信苹果版,2017-11-29
804,有的时候关闭微信后台几分钟后会收不到消息，而且为什么最近的更新把设置里的聊天文件取消了，这样很不方便，如果我想找点东西的话，还得慢慢去找，强烈建议聊天文件回归,@微信苹果版,2017-11-29
805,然后现在也下载不了微信了 请问谁可以告诉我?,@微信苹果版,2017-11-29
806,为啥不能选取手机相册中的小视频发布朋友圈了？？？？？,@微信苹果版,2017-11-29
807,为什么看到appstore有新版本，就是不能更新,@微信苹果版,2017-11-29
808,会话栏一删除就记录都没了？希望不要这么改,@微信苹果版,2017-11-29
809,"借呗微粒贷办理咱们诚信第一蚂蚁借呗花呗微粒贷开通救急不救穷帮人开通蚂蚁借呗花呗微粒贷！绝对正规  公司办理 信誉第一 前年做到现在 靠的是信誉 在金融界名气也是响当当的   诚信的来 骗子别来我们做的是生意，重的是人情，放的是诚信，借的是信用.在这该奋斗的年纪 ,时间就是金钱，谁都没空闲的时间陪你瞎掰微信 tt1566tt",@微信苹果版,2017-11-29
810,我是微信的忠实粉丝，很喜欢微信，带来了便利，但我想给微信提一个建议，我觉得很有必要，朋友圈搜索功能，我经常找一条朋友圈要找很久，有时还找不到了，希望真心可以加这个功能，谢谢微信开发，希望其他使用微信的朋友可以和我一起给微信开发提这个建议。谢谢,@微信苹果版,2017-11-29
811,微信号修改为什么只能修改一次？为什么不能多次修改呢！,@微信苹果版,2017-11-29
812,很不错的一款聊天软件,@微信苹果版,2017-11-29
813,苹果X手机，申请好友不成功，推荐名片和搜微信号都不成功，漂流瓶只能捞一次,@微信苹果版,2017-11-29
814,为什么更新完不能安装，原来的也用不了了，结果没备份聊天记录折腾一中午都没搞好，再也不随便更新了，想把手机砸了,@微信苹果版,2017-11-29
815,请增加朋友圈传原图功能，还有匹配iPhone x在点击弹出输入法时有点卡啊,@微信苹果版,2017-11-29
816,棋牌游戏定做：L492078507,@微信苹果版,2017-11-29
817,什么版本，每次玩王者荣耀，来个微信信息就卡下，根本没法用，能优化好再拿出来吗，手机8p256g,@微信苹果版,2017-11-29
818,微信缩小，过段时间后，再打开微信会出现微信重新打开的界面，经常会这样,@微信苹果版,2017-11-29
819,通讯录添加朋友后，无法同步到微信,@微信苹果版,2017-11-29
820,有没有觉得现在的版本微信卡顿啊？iPhoneX在解锁后的微信页面上，要停顿3秒钟才能够滑动起来微信，不知道是iOS软件问题还是微信软件问题呢,@微信苹果版,2017-11-29
821,或者搞个快捷切换账户功能也好,@微信苹果版,2017-11-29
822,老跳出其他ID账号,@微信苹果版,2017-11-29
823,什么时候可以修改一次微信号？,@微信苹果版,2017-11-29
824,别恶心我了好吗，手机恢复了出厂设置，微信登都登不进去，求求你们别这样了，看下别人马云的支付宝。安全验证，你自以为把我们的号保护的好，我们自己都登不进。,@微信苹果版,2017-11-29
825,关注微信号（大康恶搞）很多精彩内容，你懂的,@微信苹果版,2017-11-29
826,强烈建议取消微信电脑端和pad端互顶！强烈要求三端可以同时在线！建议电脑端增加登陆方式而不仅仅使用手机扫码登录！,@微信苹果版,2017-11-29
827,苹果X在微信界面锁屏后，过一会再解锁回到微信，就一直在转圈，过好几秒才会接到消息，这优化也太次了吧。,@微信苹果版,2017-11-29
828,看片加我，y123654m,@微信苹果版,2017-11-29
829,微信iphonex屏幕上方会进去，不能全部显示,@微信苹果版,2017-11-29
830,安装包能不能做的长点.真的伤不起啊。内存不够用。110m以内最好,@微信苹果版,2017-11-29
831,感觉新版本不错,@微信苹果版,2017-11-29
832,哦。我是？我俄想你法国很多事,@微信苹果版,2017-11-29
833,模仿电脑版 差劲,@微信苹果版,2017-11-29
834,感谢开发商的平台！,@微信苹果版,2017-11-29
835,非常好，什么功能都有，太棒了,@微信苹果版,2017-11-29
836,微信朋友圈视频时长限制，这点我也是醉醉的，加入收藏也还是不行，醉了,@微信苹果版,2017-11-29
837,每次一换聊天背景清晰度都降好多。,@微信苹果版,2017-11-29
838,什么时候能双开或者有切换模式，两个微信只能登一个很不方便的,@微信苹果版,2017-11-29
839,总是不停更新 越来越不好用 有啥用 建议可以下载回以前的版本,@微信苹果版,2017-11-29
840,更新后打开图片会有一个过度动画，让我很难受！！！！！,@微信苹果版,2017-11-29
841,闪退！！语音聊天闪退！,@微信苹果版,2017-11-29
842,给你1星垃圾社交,@微信苹果版,2017-11-29
843,为什么我的不能升级了呢,@微信苹果版,2017-11-29
844,希望微信ipad版尽快支持ios11的”拖动”功能，方便处理图片和文件。,@微信苹果版,2017-11-29
845,天天闪退我真是服了,@微信苹果版,2017-11-29
846,真的是太高了，我监测了一下，iPhone x 微信耗电占42，但是6sp上就没有这个问题，请问能不能修复一下,@微信苹果版,2017-11-29
847,现在的人越来越喜欢怀旧！想起以前的人，同事朋友或同学，却早已没了联系方式，如果可以靠入学或入职时间，年份，地址，学校啥的，定位搜索，微信岂不是无人超越了！,@微信苹果版,2017-11-29
848,升级以后为什么摇一摇的声音关不了！静音了也不可以！那声音简直让人想死！还不如不升级！设计者缺心眼儿！,@微信苹果版,2017-11-29
849,升级到最新版本后，即使关闭了朋友圈入口关闭了朋友圈更新提示。还是在界面的发现二字上有红点！ps如果可以的话请把游戏和购物也去掉，我不喜欢收到任何游戏推送，不爱玩。或者把发现整个去掉，我平时用不到小程序，需要的时候会自己在搜索栏调用。谢谢！只需要聊天界面，其他的可以放个接口调用。,@微信苹果版,2017-11-29
850,迷你4不能录制小视频，小程序电竞直播也不能用。只能在手机看，小视频也只能在手机用。！！！！！！！！！！！！！快点更新,@微信苹果版,2017-11-29
851,进入微信怎么不能上锁希望改进,@微信苹果版,2017-11-29
852,好用就是版本没升败,@微信苹果版,2017-11-29
853,明明发了消息出去，就是没有显示，页面空白，对方也收不到,@微信苹果版,2017-11-29
854,版本更新后消息严重延时，恨不得删除app,@微信苹果版,2017-11-29
855,我希望你们朋友圈功能可以推出多张照片单删一张功能好么 不要全删,@微信苹果版,2017-11-29
856,越来越差了，对讲机按着8到13秒自动跳发出去了，话没讲完就已经发出去了。软件怎么越搞越差呀？,@微信苹果版,2017-11-29
857,收到的图片无法放大看，无法看朋友圈，无法选未聊天的好友聊天，本是智能机却如此不智能,@微信苹果版,2017-11-28
858,然后还解不了身份验证，以后我还上不去，上面存在危险,@微信苹果版,2017-11-28
859,你这东西为啥好几天前删除的记录，重新登陆一下又顶出来了？啥意思,@微信苹果版,2017-11-28
860,最近两个版本锁屏状态都收不到推送了，为了看消息只能时不时打开微信，这样的通讯软件还怎么用！,@微信苹果版,2017-11-28
861,升级6.5.21以后怎么没有朋友圈了呢,@微信苹果版,2017-11-28
862,希望可以优化图标显示，让它准确显示消息条数,@微信苹果版,2017-11-28
863,差评理由是我大中国的微信，广告视频却是歪果仁！颜面何在！,@微信苹果版,2017-11-28
864,新版本怎么没有“不常联系的朋友”,@微信苹果版,2017-11-28
865,为什么视频聊天的时候切换到后台视窗就会消失然后对方看到的画面就会卡掉...？请更新一下这个,@微信苹果版,2017-11-28
866,还他妈行吧！,@微信苹果版,2017-11-28
867,视频应该增添美颜功能就好啦。,@微信苹果版,2017-11-28
868,无法同步iPhone新录入的通讯录联系人微信无法同步iPhone新录入的通讯录联系人微信无法同步iPhone新录入的通讯录联系人微信无法同步iPhone新录入的通讯录联系人微信无法同步iPhone新录入的通讯录联系人微信,@微信苹果版,2017-11-28
869,"设置分组可见的那些朋友圈在返回自己主页查看的时候并没有显示原先一直有的\""\""标志 ！！快恢复呀",@微信苹果版,2017-11-28
870,晚上真的是亮瞎眼睛,@微信苹果版,2017-11-28
871,如题，同时登微信之后，有人给我发视频通话，手机已经拒绝，iPad在下面疯狂的响，大晚上，室友睡觉。我用手机聊天记录倒没见显示,@微信苹果版,2017-11-28
872,现在微信关闭视频功能怎么没有了，真的是不好,@微信苹果版,2017-11-28
873,非常好的软件 你值得拥有,@微信苹果版,2017-11-28
874,我信息也会延迟五六分钟，最后的时候十来分钟。,@微信苹果版,2017-11-28
875,太差劲，快更新版本,@微信苹果版,2017-11-28
876,真的忍不住了的，这几天一直在说数据损坏需要修复，一天闪退一万次！！！！用个蛋！！,@微信苹果版,2017-11-28
877,我觉得微信还应该更新一下，就是谁对你显示三天朋友圈的，你也应该对谁显示三天朋友圈，不能对全部的人三天,@微信苹果版,2017-11-28
878,重启过很多次，卸载过重装很多次，微信电竞就是黑屏不能看！用了这么年下来，上个版本还能看看的，这个版本直播都不能看了。,@微信苹果版,2017-11-28
879,出个修改微信号的方法会更好,@微信苹果版,2017-11-28
880,苹果手机为什么没有微粒贷，,@微信苹果版,2017-11-28
881,添加a筒筒n图裙子n,@微信苹果版,2017-11-28
882,安装新的后微信有时候点微信看不到最顶上的一条信息,@微信苹果版,2017-11-28
883,小视频时间应该加长点，10秒太短了,@微信苹果版,2017-11-28
884,"即使一天不怎么用微信，仍然挂起在后台工作，占到24小时耗电量的40 左右,能否减少后台的活动，减少耗电，苹果不是有他自己的推送机制吗",@微信苹果版,2017-11-28
885,一分钟的小视频太完美了,@微信苹果版,2017-11-28
886,深入卡扎菲的很傻很傻就傻了,@微信苹果版,2017-11-28
887,如题，其他app都能更新，就微信无法。,@微信苹果版,2017-11-28
888,收到别人发的信息都是一个声音，本人认为可以设计不同的声音，用声音区别来自何人发的信息,@微信苹果版,2017-11-28
889,更新完消息不提示了呢，要点开微信才能收到消息,@微信苹果版,2017-11-28
890,乱封号，还玩你个麻麻逼，祝早点倒闭！！！,@微信苹果版,2017-11-28
891,好用好用好用好用好用,@微信苹果版,2017-11-28
892,微信真的好用，所以我就来评论一下吧。哈哈哈哈哈哈,@微信苹果版,2017-11-28
893,手机微信升级后完全变慢，看小视频卡一直缓冲，图片也显示不了，微信越搞越差。怎么样能还原最好,@微信安卓版,2017-11-23
894,"越更新越不好用，更新微信后都打不开别人发的PDF,WORD等文件了，这两种格式软件又有安装！",@微信安卓版,2017-11-23
895,微信什么时候才能有关联功能，期待,@微信安卓版,2017-11-23
896,我的微信怎么不能使用镜头啊？,@微信安卓版,2017-11-23
897,隔段时间，就坏掉,@微信安卓版,2017-11-24
898,越更新越不好了，分享腾讯视频的视频还打开什么小程序都不能缓存腾讯的视频了？？,@微信安卓版,2017-11-24
899,微信越更新越不好了，分享腾讯的视频缓存不了还出来个什么腾讯小程序，不能分享腾讯视频的视频了！！,@微信安卓版,2017-11-24
900,"从过去35的内存涨到了54,麻花藤太丧心病狂了。鄙视！",@微信安卓版,2017-11-24
901,不升级拆不了红包，，越升级越又垃圾了，，，艹,@微信安卓版,2017-11-24
902,以前的微信很好用啊，怎么现在怎么回事，我也打不开了，变垃圾软件啊,@微信安卓版,2017-11-24
903,很好，非常好,@微信安卓版,2017-11-24
904,我想给4星感觉还是有点美中不足,@微信安卓版,2017-11-24
905,谁有多余的微信送个给我,@微信安卓版,2017-11-24
906,为什么我的表情里有些表情没了,@微信安卓版,2017-11-24
907,登都登不进去。,@微信安卓版,2017-11-24
908,超喜欢，超好用,@微信安卓版,2017-11-24
909,很好，非常好，，，,@微信安卓版,2017-11-24
910,微信桌面上没有呀下载不了,@微信安卓版,2017-11-24
911,尼玛币狗比微信，为什么手机号码不能解绑了,@微信安卓版,2017-11-24
912,狗比微信，我参加活动都参不了，说我此微信作弊了，尼玛币哦，我他妈的什么都没做，,@微信安卓版,2017-11-24
913,我不更新微信就用不了微信,@微信安卓版,2017-11-24
914,我的微信为什么打不开?,@微信安卓版,2017-11-25
915,微信扫码加不了好友，更换账号说错误,@微信安卓版,2017-11-25
916,昨天更新完就打不开！打不开！,@微信安卓版,2017-11-25
917,原来的表情没有了,@微信安卓版,2017-11-25
918,为什么更新后就用不了，发不了朋友圈，连消息都发不出？？？！！！！,@微信安卓版,2017-11-25
919,为什么我的手机没有指纹支付这个功能,@微信安卓版,2017-11-26
920,还不错，不过用的流量挺多,@微信安卓版,2017-11-26
921,为什么没有朋友圈？？？,@微信安卓版,2017-11-26
922,我的真名，我的手机号，为什么每次登灵要这要那，太麻烦了本人记姓不太好。几个月了都玩不成微信。求帮助,@微信安卓版,2017-11-26
923,能不能把女性头像改成长发造型?现在的就像上世纪五十年代妇女，有点美感不行吗?然后还设定为选定了性别就不能改回无性别选项了，看着那个造型十分冒火。,@微信安卓版,2017-11-26
924,这微信我总是收不到信息！是不是有毒？,@微信安卓版,2017-11-26
925,自从系统升级以后，视频时对方就会放大，小窗口也变成窄条的了。请尽快更新！,@微信苹果版,2017-11-23
926,如果和手机开机一样，在打开微信的时候设置一个指纹解锁或者密码手势解锁就好了，这样就能以防别人打开自己的微信，做一些坏事情了,@微信苹果版,2017-11-23
927,希望可以给有需要的人一次微信号修改的机会，因为当初太随意写的一个微信号导致现在特别想换，希望尽快能换谢谢！我一直在等！,@微信苹果版,2017-11-23
928,如果工资有房价涨的那么快，那么这个世界该多可爱,@微信苹果版,2017-11-23
929,窃取个人的隐私,@微信苹果版,2017-11-23
930,好用，便利！,@微信苹果版,2017-11-23
931,消息延迟严重，总是过很长时间才提醒，尤其是视频聊天！！望改进,@微信苹果版,2017-11-23
932,不能改通知铃声。很烦啊,@微信苹果版,2017-11-23
933,昨天出现过“数据损坏”修复了，今天又出现，而且已经4次了，还一直不断跳那个“开始修复”的页面。一天损坏修复重装一次，这频率也太高了点吧,@微信苹果版,2017-11-23
934,好希望微信什么时候能出一种读取提示的功能 已读 已送达 一种心安的感觉,@微信苹果版,2017-11-23
935,给力 加油 奋斗,@微信苹果版,2017-11-23
936,问一下笔记本里面的录音怎么删除？,@微信苹果版,2017-11-23
937,点聊天记录什么的都变卡了,@微信苹果版,2017-11-23
938,不知道近排，在微信使用百度输入法出现无输入框的问题，何时可以解决这个问题,@微信苹果版,2017-11-23
939,烦烦烦，锁屏之后每次都要打开微信才接受消息,@微信苹果版,2017-11-23
940,吃吃吃吃吃吃,@微信苹果版,2017-11-23
941,急需解封。 业务太多,@微信苹果版,2017-11-23
942,希望视频能有美图功能,@微信苹果版,2017-11-23
943,给一星就是因为没有指纹登陆，现在这个社会用微信的人太多了，一点开什么都可以看得到，没有隐私可言，希望下次更新时会有,@微信苹果版,2017-11-23
944,什么时候能发动图？？？,@微信苹果版,2017-11-23
945,新版微信在ipad上成为双屏显示，非常不便不好用，请恢复原来单屏版式，谢谢！或者在设置上提供可选择单双栏菜单，或者提供可退回的老版本，以方便年长者使用！另外强烈要求增加手机一样竖屏版式，横屏版式还双栏极为难看难用浪费空间操作不便！！！,@微信苹果版,2017-11-23
946,微信更新到最新版本太卡了，图片根本就打不开，以前都不会的，就更新到最新版本就打不开了,@微信苹果版,2017-11-23
947,如题 噢kua,@微信苹果版,2017-11-23
948,不给开通微粒贷，差评,@微信苹果版,2017-11-23
949,啥子老是疯我号,@微信苹果版,2017-11-23
950,这个版本有点卡窝,@微信苹果版,2017-11-23
951,现在换了X，视频没有声音了，视频中人都不动了,@微信苹果版,2017-11-23
952,即然文章有问题一缋淳妥璧沧∥什么还是有人在发，你们老是批评微友传谣那你们有木有检讨你们自己的问题呢,@微信苹果版,2017-11-23
953,微信中的视频为啥不能保存？我觉得这个很bug啊！能不能修正一下！别人给发个视频想保存到手机里居然都没有保存按钮，醉了，都啥年代了？图片可以保存视频不可以？,@微信苹果版,2017-11-23
954,不是iPhoneX用起来就闪退还给我自动卸载是吗？,@微信苹果版,2017-11-23
955,微信位置，可以帮助我们去想要去的地方，非常方便 直接导航，这样对我们来说帮助特别大！,@微信苹果版,2017-11-23
956,想改微信号  曾经年少不懂事  求求求技术小哥给一次机会  能不能增加一次修改微信号的机会,@微信苹果版,2017-11-23
957,请添加恢复附近人功能，谢谢,@微信苹果版,2017-11-23
958,连关闭保护都找不到，差评，这版本越做越废,@微信苹果版,2017-11-23
959,微信什么时候也弄一个视频时可以带表情 瘦脸之类的,@微信苹果版,2017-11-23
960,更新最新版 发朋友圈视频卡顿 很慢，发十秒视频多了些鸡肋功能 导致很慢才能生成过去,@微信苹果版,2017-11-23
961,在自己相册里看不见屏蔽过的人了 抓紧改进,@微信苹果版,2017-11-23
962,很卡更新了卡,@微信苹果版,2017-11-23
963,绿色平台，和谐的交流平台,@微信苹果版,2017-11-23
964,更新完ios11.1.2之后微信变得很卡顿,@微信苹果版,2017-11-23
965,卧槽。一个手机号就能注册一个。,@微信苹果版,2017-11-23
966,编辑圈文时能否把文字编辑范围尽可能全屏显示编辑圈文时能否把文字编辑范围尽可能全屏显示,@微信苹果版,2017-11-23
967,语音输入时难免会有字错误或者发音不清晰的情况，原来的版本改正翻译错的地方时，光标能一直在一个地方不来回跳，现在选定位置后，刚删一个字或者打一个字，光标就自动跳到结尾，有时候想删一句话，需要来回调光标位置，有这时间不用语音输入功能字也打完了，现在这样好鸡肋！,@微信苹果版,2017-11-23
968,更新后经常出现闪退,@微信苹果版,2017-11-23
969,朋友圈樯觞N不能o为一人或者人O置成三天或者半年可呢？,@微信苹果版,2017-11-23
970,已经两三次出现闪退了，一开始以为是不小心按到home键回到主页的，但又出现一两次了，那应该就不是按到了的吧，希望后台能够注意看看是怎么原因,@微信苹果版,2017-11-23
971,莆田代工厂超低价直销mingze2468,@微信苹果版,2017-11-23
972,朋友圈什么时候发动态图啊？可以发动态图就好了，就像微博一样,@微信苹果版,2017-11-23
973,什么时候有faceid解锁？,@微信苹果版,2017-11-23
974,减肥找我，月瘦了8到个15斤，无效退款VX:739263278,@微信苹果版,2017-11-23
975,语音按键能大点么。太能偷懒了。 语音和x的横杠重叠 很不方便,@微信苹果版,2017-11-23
976,挺好用的要是有空间功能就好,@微信苹果版,2017-11-23
977,要是朋友圈的视频可以拍到20秒就好了,@微信苹果版,2017-11-23
978,希望明天能顺利,@微信苹果版,2017-11-23
979,刚的来一塌胡涂,@微信苹果版,2017-11-23
980,我买的手表只可以连接苹果6。7连接不上现在放久了，又不能充电,@微信苹果版,2017-11-23
981,包治痔疮微信v388518,@微信苹果版,2017-11-23
982,已经试过各种方法 闪退闪退闪退 我里面那么多记录  要卸载重装！ 我投诉 差评！,@微信苹果版,2017-11-23
983,听语音只能在放，还不可以发送语音，什么时候解决呀,@微信苹果版,2017-11-23
984,消息不能同步，不能像QQ那样，手机和pad同时都有,@微信苹果版,2017-11-23
985,不知道为什么，微信收消息有很慢，有时候收取中转几十秒，消息推送2分钟后5分钟后7分钟后收到，没开节能，没关闭后台刷新,@微信苹果版,2017-11-23
986,朋友圈更新没有了，大家有类似的情况吗？功能里也没有！,@微信苹果版,2017-11-23
987,如果能在微信朋友圈的顶部，增加标签筛选功能，那一定会大大增加朋友圈的使用率和实用性！,@微信苹果版,2017-11-23
988,连个定位都一直转圈不是没网络而且一直定位失败,@微信苹果版,2017-11-23
989,表情购买记录为什么不能删除！！！为什么！！！请告诉我为什么！！！,@微信苹果版,2017-11-23
990,为啥删掉同步助手，都没法用了,@微信苹果版,2017-11-23
991,收藏没有分类翻起来真的太麻烦了,@微信苹果版,2017-11-23
992,微信更新了不好用，把以前该有的功能都更新没了,@微信苹果版,2017-11-23
993,如题，请修复。,@微信苹果版,2017-11-23
994,更新的什么鬼。视频都播放不了了。人家发的视频就跟照片一个卵样。动都不动,@微信苹果版,2017-11-23
995,网上购物无法用扫一扫支付,@微信苹果版,2017-11-23
996,有他妈个怪，随便被人投诉随便被封号。考虑用户的重要性没。,@微信苹果版,2017-11-23
997,新版本一视频微信应用就卡,@微信苹果版,2017-11-23
998,为什么小视频和视频聊天没有美颜   拍摄也没有,@微信苹果版,2017-11-23
999,朋友翻我朋友圈  只看到4条，我在自己手机里可以看到之前发的所有，但在其他朋友的手机里只显示4条就到底了。 我没有设置任何类似仅显示三天或者仅显示半年这种权限。晕死了 微信 ，你每次升级的时候  麻烦可不可以不要瞎搞。,@微信苹果版,2017-11-23
1000,感觉质量，样式方面都很不错，很喜欢，果断留下。,@微信苹果版,2017-11-23
1001,更新了说是适配x，我的6s老机型就不管了？各种用两分钟就卡死，什么玩意，一星都嫌多,@微信苹果版,2017-11-23
1002,很不错的软件，但是有个小要求，希望微粒贷可以移到微信中。,@微信苹果版,2017-11-23
1003,我建议微信开发者能够把那用微信里面的微粒贷做骗人的事.因为这个是微信里面的功能你微信团队要出报警把它抓出来,@微信苹果版,2017-11-23
1004,如果有已读功能就最好了,@微信苹果版,2017-11-23
1005,最棒的社交软件。没有之一。如果开通微粒贷就更好了。,@微信苹果版,2017-11-23
1006,8p升级后，很卡很卡很卡,@微信苹果版,2017-11-23
1007,盗你妹啊。无破解方法，kao,@微信苹果版,2017-11-23
1008,老出bug 真没意思,@微信苹果版,2017-11-23
1009,发短信，好友验证，搞了大半天还是失败,@微信苹果版,2017-11-23
1010,谢谢微信语音 奶奶今天火化了 只剩下一盒骨灰 还好有之前奶奶用微信发给我的语音提示让我能听到她的声音 愿我能听到这个声音一辈子 还能让我认为她在我身边一辈子 让我永远不会忘记她的声音 真心信心你们,@微信苹果版,2017-11-23
1011,为什么我的微信数据经常损坏的？？而且修复不了，为什么？？？,@微信苹果版,2017-11-23
1012,手机出问题了，删了微信重新下载，怎么也下载不了,@微信苹果版,2017-11-23
1013,20171122:6.5.22版微信，iOS10.3.2，无论搜索什么，输入栏最右边的 打叉的取消符号与声音输入图标几乎重合，我每次点“取消符号”，都会误点声音输入图标，从而跳出语音输入。不胜其烦，绝对是交互界面的bug。请修正好，谢谢！（old：选择图片发朋友圈时，会莫名其妙地少一张，例如明明选了9张，待发送时却发现只有8张或者4少1成3。类似情形遇到至少5次了。请程序猿GG们修补好这个bug。另外，希望朋友圈发图时能提供原图选项，最好设置一个图片大小的上限值，在此值内都不会被压缩。因为当手机发图被压缩后，平板上观看时那个惨烈啊。）谢谢！,@微信苹果版,2017-11-23
1014,为什么微信更新不了.是逼着买苹果X才能更新微信吗？,@微信苹果版,2017-11-23
1015,太垃圾了，一天重启无数次,@微信苹果版,2017-11-23
1016,更新太频繁了浪费资源，与流量,@微信苹果版,2017-11-23
1017,呵呵，手机号微信都解绑不了哦，不知道怎么换手机号了,@微信苹果版,2017-11-23
1018,哪怕是开通微信会员功能    增驾漫游聊天记录功能,@微信苹果版,2017-11-23
1019,更新后半分钟闪退一次，什么鬼,@微信苹果版,2017-11-23
1020,不能关朋友圈了,@微信苹果版,2017-11-23
1021,更新后和其他app不能连接，在美团唯品会无法使用微信支付，用其他app识别不到微信,@微信苹果版,2017-11-23
1022,怎么越改越垃圾了，找半天也不能停用朋友圈,@微信苹果版,2017-11-23
1023,最近更新（适配iPhone X）后微信变得很卡 开关图片消息都有明显卡顿 iPhone6s ios11.1.1,@微信苹果版,2017-11-23
1024,一个页面用了五六年，能不能换换，都视觉疲劳了,@微信苹果版,2017-11-23
1025,？？？什么鬼 更新完朋友圈不见了,@微信苹果版,2017-11-23
1026,美容就不多说，希望每次更新都是更好的，而不是像某些系统一样，还不如从前。,@微信苹果版,2017-11-23
1027,苹果6的微信最新版为何没有朋友圈了，卸载后安装还是没有，怎么回事呢？,@微信苹果版,2017-11-23
1028,微信怎么总是闪退,@微信苹果版,2017-11-23
1029,微信我已经冻结了，现在想用，但手机不是之前那个手机，号码和账号是一样，为什么解冻不了，网上各种教程都不行，提示失败或者必须要用之前的手机，可是之前的手机弄丢了,@微信苹果版,2017-11-23
1030,微信阅读原文打不开，现在有的东西看不了视频和有的文字,@微信苹果版,2017-11-23
1031,这微信耗电量也太大了点吧，手机耗电量它比啥都大,@微信苹果版,2017-11-23
1032,为啥直接闪退呢,@微信苹果版,2017-11-23
1033,开了隐私功能推进，新的朋友还是不推荐通讯录联系人,@微信苹果版,2017-11-23
1034,苹果X发语音消息不小心谨慎的按语音栏都会碰到手机返回的HOME横线导致语音发送不了超级虐心,@微信苹果版,2017-11-23
1035,现在透明度变低..,@微信苹果版,2017-11-23
1036,朋友圈日益壮大，什么时候才可以分类？智能点，想找以前年份的图要刷新到什么时候？快点弄个时间分组吧，我真的不记得关键字眼搜索,@微信苹果版,2017-11-23
1037,我就不知道了，很久没主动加过好友，突然告诉我操作过于频繁是什么意思。难不成我一秒加了500个？,@微信苹果版,2017-11-23
1038,就是看不到对方是否在线,@微信苹果版,2017-11-23
1039,昨天晚上男神更新朋友圈，今天早上我才看到。看着其他妹纸在下面各种卖萌，我只能眼含热泪，45度角仰望天空。。。微信可以开发下类似Google Alert的功能咩？我给男神加上tag，他一发朋友圈我就可以收到提示，这样就可以第一时间到男神朋友圈刷存在感了(),@微信苹果版,2017-11-23
1040,我个人建议，希望微信能在锁屏下回复信息,@微信苹果版,2017-11-23
1041,就是这样，微信数据太多，不能删除重装,@微信苹果版,2017-11-23
1042,只能期待早日解决,@微信苹果版,2017-11-23
1043,投诉欺诈骗钱的时候上传图片上传不了都不是服务用户的,@微信苹果版,2017-11-23
1044,可以可以就是陌生人爱打招呼，又不能禁止。,@微信苹果版,2017-11-23
1045,程序员不会优化一下吗？从一百多兆到十个多G,@微信苹果版,2017-11-23
1046,静安区健身搏击俱乐部。网红教练，身材火辣。教练专业，美国体适能协会认证教练。喜欢健身和搏击的朋友可以关注一下（胶州路273弄60号枫蓝酒店4楼）,@微信苹果版,2017-11-23
1047,别的都不想说,@微信苹果版,2017-11-23
1048,很好就是没有微粒贷,@微信苹果版,2017-11-23
1049,希望可以增加删除好友评论的功能,@微信苹果版,2017-11-23
1050,7p早上起来，下午三点用掉70电量，有50是微信花掉的,@微信苹果版,2017-11-23
1051,很有隐私管理的社交软件,@微信苹果版,2017-11-23
1052,卡得要命 刷新也不及时 什么时候更新,@微信苹果版,2017-11-23
1053,不是很喜欢这么绿，发出去的消息好绿，图标也还绿，原谅色主题,@微信苹果版,2017-11-23
1054,手机坏了换个手机聊天记录就没了，有很重要的东西怎么办啊！郁闷死了,@微信苹果版,2017-11-23
1055,什么时候把Animoji加入到微信中,@微信苹果版,2017-11-23
1056,越更新最基本的来消息都是静音 闷,@微信苹果版,2017-11-23
1057,轻松瘦十斤-20斤 减肥加我V，x ： mzmzmzmz9999,@微信苹果版,2017-11-23
1058,很卡，更新完后，进微信时间都要十几秒,@微信苹果版,2017-11-23
1059,最近不知道怎么回事，微信来消息都会延迟几分钟，手机设置也没问题，免打扰模式都没开，通知设置也没问题，不知道其他朋友有没有和我一样的问题，希望技术部门采纳解决一下，谢谢！,@微信苹果版,2017-11-23
1060,所有提示都打开了，锁屏后消息不提示,@微信苹果版,2017-11-23
1061,之前还行，怎么更新以后siri就无法发送信息了？每次说完信息以后都让我打开微信操作？？what？我要是打开微信操作我还用什么siri啊？？而且我的siri全部设置对微信打开，就是不行，希望赶快修复！,@微信苹果版,2017-11-23
1062,建议搜一搜中增加搜朋友圈能搜到具体日期的一天发布的朋友圈，比如搜朋友圈某个人2017年10月2号，就能搜到2号这个人朋友圈发布的所有内容，这样的话就能节省很多时间,@微信苹果版,2017-11-23
1063,更新后出现画面延迟，很别扭，还是之前版本好用！希望尽快修复！,@微信苹果版,2017-11-23
1064,微信iPad版，还是喜欢之前的那种会话窗,@微信苹果版,2017-11-23
1065,带图片的好友圈要一个一个的图片保存赶上店里逼着做宣传，天天发好友圈，这个费劲！没有QQ人性化！！！,@微信苹果版,2017-11-23
1066,微信收藏的视频，用苹果7p显示格式不正确。居然不能看。苹果手机是不是出毛病了。,@微信苹果版,2017-11-23
1067,现有的同类App  比如whatapp早就可以更换了 微信迟迟不可以。每次很多人在一起手机响了都不知道是谁的,@微信苹果版,2017-11-23
1068,没有，占用内存大，界面不美观，差,@微信安卓版,2017-11-21
1069,多下载一个可以吗,@微信安卓版,2017-11-22
1070,我用的很好。,@微信安卓版,2017-11-22
1071,更新了打不开,@微信安卓版,2017-11-22
1072,升级了打不开了,@微信安卓版,2017-11-22
1073,好好好好，真好用。,@微信安卓版,2017-11-22
1074,打不开打不开!!,@微信安卓版,2017-11-22
1075,视频聊天大概5分钟后，听不到对方声音，对方可以听到我，重新连接后正常，再过几分钟又是听不到对方声音，换了网络，换了很多联系人都是这样的。,@微信安卓版,2017-11-22
1076,为什么我微信视频聊天，我自己这边说话有回音，我说一遍，还能重复一遍。还有杂音。对方一切正常。怎么回事？求解？,@微信安卓版,2017-11-20
1077,狗日的微信    我真想一星也不给,@微信安卓版,2017-11-20
1078,不更新听不了语音。,@微信安卓版,2017-11-20
1079,我的微信发不了语音,@微信安卓版,2017-11-20
1080,我就停在16版死不更新了！越更越糟！有意思吗？,@微信安卓版,2017-11-20
1081,能不能学学人家FBk？既有标准版也有众多各有主攻方面的精简合成版，何况现在很多用户都不止一个微信账号了！多几个应用选择同时又能因应主副需求容纳运行几个账号。,@微信安卓版,2017-11-20
1082,微信现在几乎是全中国人人都有账号不可缺的软件了！不止是用于交流沟通，还有付费看时事阅读兴趣内容叫滴滴等诸多用途，腾讯应该负起社会责任，不能常常更新，更不能越更越糟。,@微信安卓版,2017-11-20
1083,垃圾不更新不能进入微信 强制更新垃圾,@微信安卓版,2017-11-21
1084,微信现在不什么好了，6..5.13版就开始带有广告了，最好版本6.5.10还听说明年想要视频通话收费，还有以前的飞信（和飞信）新发展要对抗腾讯,@微信安卓版,2017-11-21
1085,不知道垃不垃圾，只知道，原来还好用的，更新几次后，说你的手机配置跟不上啦，你落后啦，该换手机啦。。。以后不知道要不要连人都要换呢？,@微信安卓版,2017-11-21
1086,他妈的，就是他妈的个垃圾软件。他妈的知道是哪个人才发出来的。他妈的发明于这样一个垃圾。,@微信安卓版,2017-11-21
1087,以前低版本的可以用  现在 安卓4.2.2以下都不能用了 能装在手机上也用不了 完了 就是说 安卓4.2.2以上可以用微信  以下不能用微信了,@微信安卓版,2017-11-21
1088,还要升级根本没发升级，差。,@微信安卓版,2017-11-21
1089,想登录结果说微信太低，登录不起,@微信安卓版,2017-11-19
1090,希望可以像QQ一样，能自由切换账号,@微信安卓版,2017-11-19
1091,太大太大，占内存超大，腾讯可以出微信专用手机了，担心以后手机里光装微信都装不下。,@微信安卓版,2017-11-19
1092,气死人总是登录不上，,@微信安卓版,2017-11-20
1093,越来越强大，最好用的是      移动支付      微信我给很好的评价！,@微信安卓版,2017-11-20
1094,这次更新文案怎么又是6.5.9的文案，属于典型的虚假宣传，我已经反馈了,@微信安卓版,2017-11-20
1095,挺好，交友方便,@微信安卓版,2017-11-20
1096,说实在的，软件能不能再小点，占内存又耗电，好多不人性功能能不能优化下。最主要是用户银行的钱往你那一过还收费！,@微信安卓版,2017-11-20
1097,有了微信真的办公生活二合一，他妈的,@微信安卓版,2017-11-20
1098,拜托腾讯的程序员，你们公司的软件能不能简便点？老是越更新越占内存！叫我们情何以堪啊！,@微信安卓版,2017-11-20
1099,希望发朋友圈那里发展QQ那样子，发朋友圈有分组，这样子刷朋友圈的，轻松点，也对那些微商好好的，,@微信安卓版,2017-11-20
1100,希望朋友圈能发展QQ那样子就好了，发朋友圈有分组，这样子刷朋友圈，不用好长好长，也对那些微商也好了，归类出来,@微信安卓版,2017-11-20
1101,登录超时什么鬼？不然我五星,@微信安卓版,2017-11-20
1102,安卓4.0的用不了，旧版的也不行 哎越更新越烂 全是毛病,@微信安卓版,2017-11-20
1103,安卓4.0的系统用不了，劳资换了旧版 也不行破B软件能不能玩了。,@微信安卓版,2017-11-20
1104,楚楚街发红包我都领不了，还说被微信拦截,@微信安卓版,2017-11-20
1105,微信要是和QQ一样有轻聊版本的就好了，最新的安卓必须是4.2.2以上才行，什么编辑图片等功能，全部去掉都行！ 那些4.2.2以下的，安装其他版本没用，登录不了，会提示叫你升级，软件版本过低，不可以登录的！,@微信安卓版,2017-11-20
1106,不更新了，卸载 返回6.5.16或19.越来安装包越大！坑啊,@微信安卓版,2017-11-20
1107,在不更新丁丁就要吃掉你了,@微信安卓版,2017-11-20
1108,内存越来越大了，安装了也登录不上去，空间不足，什么呀,@微信安卓版,2017-11-20
1109,太好用了，我和同学发答案老师都看不出来。,@微信安卓版,2017-11-20
1110,有时为何打不开微信？,@微信安卓版,2015-10-06
1111,为什么我微信经常打不开？,@微信安卓版,2015-10-10
1112,辣鸡软件，辣鸡，辣鸡，辣鸡，辣鸡，辣鸡，辣鸡，辣鸡，见过辣鸡的没见过这么辣鸡的！明明刚申请的，一下就登不进去了，还说违规，这么辣鸡的软件，不知道为什么会有那么多人下！,@微信安卓版,2017-11-18
1113,微信更新之后，好友圈的短视频经常无法打开，过一会儿就提示微信无响应，感觉微信现在越来越差了，没有以前的好用了,@微信安卓版,2017-11-18
1114,滚你妈微信，微信曹尼玛，等个号二天了都TM是操作过快，我靠你都TM两天了艹。腾讯必死,@微信安卓版,2017-11-19
1115,启动QQ后默认关连微信，烦死了。评论完卸载，有条件的建议去GooglePlay下载，能省很多垃圾时间,@微信安卓版,2017-11-19
1116,差评！差评！差评！重要事情说三遍！次次都说我版本太低我下了好几遍了没用！我注册都注不了,@微信安卓版,2017-11-19
1117,为什么不能下载？,@微信安卓版,2017-11-19
1118,坑爹又坑娘的微信。,@微信安卓版,2017-11-19
1119,占内存大，能不能改小点，我都卸载了两个软件了还等上去，艹,@微信安卓版,2017-11-19
1120,要不是因为丰巢 我才不用这破软件,@微信安卓版,2017-11-19
1121,为啥每次登录微信都要验证，很麻烦，有时候还不通过,@微信安卓版,2017-11-19
1122,微信难登录？,@微信安卓版,2017-11-19
1123,不知道怎么办请帮助,@微信安卓版,2017-11-17
1124,微信打开不了11,@微信安卓版,2017-11-17
1125,文章收藏的操作体验给零分,@微信安卓版,2017-11-18
1126,重装软件就要验证，麻烦,@微信安卓版,2017-11-18
1127,我之前连下都下不来,@微信安卓版,2017-11-18
1128,更新后公交卡不能充值了，充值界面一直没反应。,@微信安卓版,2017-11-17
1129,下载好了打不开为什么,@微信安卓版,2017-11-17
1130,很好很好很好,@微信安卓版,2017-11-17
1131,不知道什么问题，微信自动消失了。,@微信安卓版,2017-11-17
1132,为什么注册微信号，需要好友验证，明明新微信号，那来的好友，什么烂软件！！！！,@微信安卓版,2017-11-17
1133,软件很好，使用方便,@微信安卓版,2017-11-17
1134,为什么下载好了打不开,@微信安卓版,2017-11-15
1135,我想再过五年微信可以取代一切交易！！到时候可能看不见钱了！天天都是在扫码！！年纪大的人怎么办呢？,@微信安卓版,2017-11-16
1136,表情莫名没了,@微信安卓版,2017-11-16
1137,微信方便实用,@微信安卓版,2017-11-14
1138,微信不能滚动截图？？？？华为p9p,@微信安卓版,2017-11-14
1139,微信打不开怎么办,@微信安卓版,2017-11-15
1140,非常好用的软件，功能非常强大，聊天交友很方便，还可以方便赚外快，支持!,@微信安卓版,2017-11-15
1141,我觉得很好啊，打不开可能是手机缘故,@微信安卓版,2017-11-15
1142,要是可以QQ注册就好了,@微信安卓版,2017-11-13
1143,我感觉挺好的,@微信安卓版,2017-11-13
1144,只是为了用公众号而来用微信。。内存太大,@微信安卓版,2017-11-14
1145,比原来好用多了,@微信安卓版,2017-11-14
1146,啷个回事哟，长期提示无响应，一看朋友圈一点都自动重启，还是要更新一下软件哟。。。,@微信安卓版,2017-11-14
1147,还是不能登录,@微信安卓版,2017-11-14
1148,你们的微信有漂流瓶吗，我的没有啊？,@微信安卓版,2017-11-14
1149,很好吃大家尝一尝吧,@微信安卓版,2017-11-12
1150,我的微信为什么没有指纹支付,@微信安卓版,2017-11-13
1151,能不能弄个动态头像和十秒以上小视频，更新的都是什么玩意，删除个聊天记录还要每个都确认，逗比吗,@微信安卓版,2017-11-13
1152,什么玩意，打不开微信的,@微信安卓版,2017-11-13
1153,操你妈逼微信，现在微信发现里的京东购物，时不时的推送消息，一天发N次。30天内无法解绑，不能退出登陆，操你妈马化腾！,@微信安卓版,2017-11-11
1154,腾讯必死！微信必死！马化腾马上死！死！死！,@微信安卓版,2017-11-11
1155,狗屁应用作者是傻逼,@微信安卓版,2017-11-11
1156,现在微信不能设置停用视频聊天功能了吗？,@微信安卓版,2017-11-11
1157,希望尽可能少占用内存,@微信安卓版,2017-11-11
1158,微信 你凭什么对手机系统还有要求？版本过低为什么不能上？,@微信安卓版,2017-11-11
1159,666666666666666666666666666666666666666666666666666666666666666666666666666666666666666内存太多，希望占小点。,@微信安卓版,2017-11-12
1160,打不开微信为什么呢,@微信安卓版,2017-11-12
1161,微信号为什么常常停止运行,@微信安卓版,2017-11-12
1162,怎么回事啊？地理位置获取不了,@微信安卓版,2017-11-12
1163,我的怎么被禁用了,@微信安卓版,2017-11-12
1164,感谢上方给了个这么好的平台，支持微信。,@微信安卓版,2017-11-11
1165,很好，功能齐全,@微信安卓版,2017-11-11
1166,一点儿都不好，内存不足了还退出登录了，我的内存不足很多次了，微信都退出登录了三回了，每次到内存不足的时候，加个微信就要来回使用很麻烦的，微信的空间站的很大，其他的占得很小，有时候内存不足的时候，微信都打不开。什么呀，我更新了的为什么还是这样呢，微信团队，你每次只问他什么问题他都答不出来。很烦，每次都很卡。而且这样打字很难打。,@微信安卓版,2017-11-11
1167,挺好得安装挺快得,@微信安卓版,2017-11-11
1168,我也不知道好不好，因为我下载它是为了在派派中收红包,@微信安卓版,2017-11-11
1169,五星好评！继续加油！少给一星，怕你骄傲,@微信安卓版,2017-11-11
1170,可以，但是今天突然微信不见了,@微信安卓版,2017-11-11
1171,有有些人不会评论我代表我儿子向你们道歉，手机不好就别说内存不足，手机烂评你妹啊给星都不会。微信没指纹就没有呗非得1星唉服了,@微信安卓版,2017-11-11
1172,内存越来越大了，希望改小点,@微信安卓版,2017-11-11
1173,体积好大，功能却比QQ少,@微信安卓版,2017-11-11
1174,真的很希望 删除该聊天之后聊天记录还在,@微信安卓版,2017-11-09
1175,"他妈的你们微信是不是跟手机公司三星公司合作了,害得我手机更新不了,微信更新安装不了用不了微信,难道就要害我买新手机吗？你们他妈的打死你",@微信安卓版,2017-11-09
1176,垃圾，指纹支付都没有。辣鸡,@微信安卓版,2017-11-09
1177,更新后微信图标怎么在桌面上找不到了？,@微信安卓版,2017-11-09
1178,为啥不能横屏？！,@微信安卓版,2017-11-09
1179,最新版给你一个星吧，毕竟谁都不容易。你妈逼的删除个聊天还用每个都确认麽？你大爷的,@微信安卓版,2017-11-09
1180,微信一直自停止,@微信安卓版,2017-11-09
1181,操你，你一封我微信干嘛？,@微信安卓版,2017-11-10
1182,为什么冷藏了，找不到了。,@微信安卓版,2017-11-10
1183,不说别的，就说每次更新，在360发布的文案都停留在6.5.9版本，完全不符，其他平台（如华为）就是最新文案，请好好改正。更新文案不符就是虚假宣传！,@微信安卓版,2017-11-10
1184,更新后，微信登不上去了,@微信安卓版,2017-11-10
1185,微信有小号吗？,@微信安卓版,2017-11-10
1186,有的时候我登微信都登不进去！而且一旦进去就很卡，我向微信团队问一些信息，他们都不回！！！！！！！！,@微信安卓版,2017-11-10
1187,太大了，这是什么微信，真是的，我简直忍无可忍了！！！！！！！！！！！！！！！！！！！！！！！,@微信安卓版,2017-11-10
1188,不错，再接再厉！一一不过还是不错的!,@微信安卓版,2017-11-10
1189,占用的内存越来越大，首先，他说的是40多内存，但是我这才玩3天内存马上变到了300。本来手机就挺多游戏的，再加上已经过这么多的微信内存，能不能一直保持40多呀，如果保存不了，我干脆拒载，差评！差评！差评！差评！差评！差评！能不能把这个内存缩小缩小再缩小，像这两天用的内存，呵呵！只能御载，受不了了，只能给你一个差评！！！！！！！！！！！！！心情不满！！！！！！！！！！！！！40多内存三天就到了300,@微信安卓版,2017-11-10
1190,更新时好久都没有更新好,@微信安卓版,2017-11-10
1191,希望微信的各种功能和更新时间可以满足我们的需要,@微信安卓版,2017-11-10
1192,明明合法注册微信，被封锁，无法登录！,@微信安卓版,2017-11-06
1193,明明是我的，打不开！,@微信安卓版,2017-11-06
1194,合法注册微信，为什么被封锁，申请解锁无法打开！,@微信安卓版,2017-11-06
1195,明明是合法注册的微信，为什么被封锁？无法解锁？,@微信安卓版,2017-11-07
1196,为什么登不上,@微信安卓版,2017-11-07
1197,微信越来越垃圾了，不知道为什么一发消息就散退，发图片也一样。。,@微信安卓版,2017-11-07
1198,将正常使用合法注册的.微信号，被强行封锁，申请解锁无法获取验证码！重复..下载四次无法.恢复打开？用户不是你的敌人！优质服务是你微信赢得天下唯一最高途径！保留向工信部，和消费者协会直接投诉的权利！将真正合法注册的微信，无故视为非法？.被封锁无法解锁？,@微信安卓版,2017-11-07
1199,微信怎么没有通讯录备份与恢复？？？,@微信安卓版,2017-11-07
1200,打不开，差评,@微信安卓版,2017-11-07
1201,为什么这样坑人的微信，我是中国国籍公民，中国联通.实名登记的号码！从360.一/冫手机助手下载微信！.通过合法应用软件注册微信帐号！正常使用中，被封锁无法解锁，申请验证码无法传送！我是中国人，我用中国联通实名登记号码，中联通实名登记的手机！,@微信安卓版,2017-11-07
1202,我是中国人永远使用中国联通.360手机下载应用程序，遵守中国法律规定，依法|..注册微信号码帐号！我永远爱自己的国家中国！.使用官方提供网络安全软件！,@微信安卓版,2017-11-07
1203,微信霸王！越来越差劲了！,@微信安卓版,2017-11-07
1204,易信网易就比你微信诚实服务质量是最好的软件！比你微信好用！,@微信安卓版,2017-11-07
1205,更就6.5.10后不能收款，只付款，又退回到5.3.13,@微信安卓版,2017-11-07
1206,停止运行是什么意思,@微信安卓版,2017-11-07
1207,你们不觉得这个软件很好吗，还有那些说微信不好你删掉不就好了，而且多人通话有木有QQ能视频吗，你们手机性能不好不要怪，好软件QQ还需要VIP要钱，你没有看过微信要过钱吗。觉得微信特别好的点赞，同感的点赞所以我觉得微信好的都点赞。,@微信安卓版,2017-11-07
1208,接着上一条，有些人输点不进去那是因为他的手机性能不好。重要的事情说三遍，不要怪，不要怪，不要怪好软件，手机性能不好就真的不要怪软件，就算你的手机性能很好，也许是你下的别的软件弄卡的呢。你是怎么知道一定是微信搞的呢,@微信安卓版,2017-11-07
1209,好用。。。。。。。。,@微信安卓版,2017-11-07
1210,什么玩意，我手机恢复出厂设置后，登陆一直玩什么破验证我的身份，尼玛的折腾我，心情烦躁，好友辅助吧还验证失败，微信我只有三个字来评价CNM！！！,@微信安卓版,2017-11-07
1211,我的微信有时老打不开，用着用着成3G了。,@微信安卓版,2017-11-07
1212,用的人太多了微信后台挨不起你的运行了是软件的问题,@微信安卓版,2017-11-07
1213,微信什么时候更新解绑手机号？,@微信安卓版,2017-11-08
1214,微信为什么打不开,@微信安卓版,2017-11-08
1215,为什么我微信被封了，解封还收不到短信！要求解封。。。,@微信安卓版,2017-11-08
1216,怎么没有红包提醒了呢，，，，，，，各位大神，，，，，,@微信安卓版,2017-11-08
1217,换了手机，微信登录不上了，求大神,@微信安卓版,2017-11-08
1218,收不了红包，不要下载,@微信安卓版,2017-11-08
1219,腾讯我操你妈，你全家不是人造的我靠你妈了个逼，老子下了你的这个版本我靠你妈的逼我的微信登不上去，你们他妈的逼，这不是坑爹把你们微信上不去你他妈的逼出这个微信干嘛我日你妈？,@微信安卓版,2017-11-08
1220,大家别下载微信记住，简直就是地主老财欺男霸女，留给地主老财们玩吧,@微信安卓版,2017-11-09
1221,更新后 我微信就用不了了 刚开始卡顿 后面直接接不到消息 再后来 就登陆不上微信 坑爹吧 怎么搞,@微信安卓版,2017-11-09
1222,刚下，不知道,@微信安卓版,2017-11-09
1223,为什么我的语音打不开了？,@微信安卓版,2017-11-09
1224,感觉干预太多了，不知道怎么小找朋友,@微信安卓版,2017-11-09
1225,日你，为什N封我？,@微信安卓版,2017-11-09
1226,删除会话后聊天记录就没了  不爽,@微信安卓版,2017-11-09
1227,怎么更新微信红,@微信安卓版,2017-11-09
1228,我觉得非常好用，并没有你们说的那么糟,@微信安卓版,2017-11-09
1229,我视平打不开总么办呢,@微信安卓版,2017-11-09
1230,妈卖批，老子登陆了个唱吧就封号唱吧也是非法软件吗？醉醉,@微信安卓版,2017-11-03
1231,记录都查找不了,@微信安卓版,2017-11-04
1232,微信要新版怎么下载呢,@微信安卓版,2017-11-04
1233,我微信挺流畅的，就是老说不能更改头像和昵称，什么破东西,@微信安卓版,2017-11-04
1234,总是被盗号还登录不进去,@微信安卓版,2017-11-04
1235,注册不了，莫名其妙说我恶意注册，妈的，上个月注册说频繁注册，等第二天，第二天又说已经注册了，需要等一个月，现在一个月到了，注册好了，又说我恶意注册，然后，又说等第二天，妈的，不然人玩微信了吗？恶意注册，哪呢？你怎么不去死？,@微信安卓版,2017-11-04
1236,微信一直闪退，垃圾！发个消息都发不了，图片也不能发，卸了重新下载还是这样！,@微信安卓版,2017-11-04
1237,为什么我的微信定位不了，位置权限已经打开了啊,@微信安卓版,2017-11-04
1238,为毛发不了红包？,@微信安卓版,2017-11-04
1239,为什么，捂脸，滑稽，皱眉这几个表情没了？,@微信安卓版,2017-11-04
1240,更新的都没用，小视频长点会死吗？十秒拍给尼玛看啊,@微信安卓版,2017-11-05
1241,现在是。那一为根我发来红包,@微信安卓版,2017-11-05
1242,有时候自动退出,@微信安卓版,2017-11-05
1243,特别差，千万不要下载。,@微信安卓版,2017-11-05
1244,非常好，实用性高！！！,@微信安卓版,2017-11-05
1245,破软件，没有朋友圈,@微信安卓版,2017-11-05
1246,不好，可是可以要钱,@微信安卓版,2017-11-05
1247,他妈的，微信打不开,@微信安卓版,2017-11-05
1248,为什么版本更新不了,@微信安卓版,2017-11-05
1249,我也打不开！,@微信安卓版,2017-11-06
1250,特别好四颗星,@微信安卓版,2017-11-06
1251,好有时打不开,@微信安卓版,2017-11-06
1252,在微信中打不开网页,@微信安卓版,2017-11-06
1253,垃圾微信没手机卡，都不能玩，还是说解析包错误,@微信安卓版,2017-11-06
1254,老版不能登陆，新版装不上，还说解析错误,@微信安卓版,2017-11-06
1255,坑人微信，无法打开,@微信安卓版,2017-11-06
1256,一直都在用，还不错,@微信安卓版,2017-11-06
1257,我也是和你们一样。,@微信安卓版,2017-11-05
1258,为什么vivo手机微信新消息不自动置顶,@微信安卓版,2017-11-03
1259,为什么我微信经常打不开，还说安装包损坏？什么鬼？,@微信安卓版,2017-11-03
1260,拉机专门封号,@微信安卓版,2017-11-03
1261,还是感觉QQ好用一点，是心理原因呢么。,@微信安卓版,2017-11-03
1262,我的微信为什么连捂脸的表情都不显示,@微信安卓版,2017-11-03
1263,内存还有一半，过不了3天，就出现:微信已停止，重下15次了！真辣 鸡,@微信安卓版,2017-11-03
1264,为什么开不了红包.,@微信安卓版,2017-11-01
1265,为什么打不开,@微信安卓版,2017-11-01
1266,收到信息手机呼吸灯不亮，版本要更新！速解决！,@微信安卓版,2017-11-02
1267,为什么连朋友圈都没有,@微信安卓版,2017-11-02
1268,最近通信录的头像怎样是空白的看不到照片,@微信安卓版,2017-11-02
1269,微信是很好的聊天工具体100分,@微信安卓版,2017-11-02
1270,微信为什么会被限制,@微信安卓版,2017-10-30
1271,老是说版本低。,@微信安卓版,2017-10-30
1272,为什么更新之后注册不了,@微信安卓版,2017-10-30
1273,好讨厌微信，可是周围用的人太多了，被绑架了！,@微信安卓版,2017-10-31
1274,能把也前的版本弄出来不最新版本手机都不支持,@微信安卓版,2017-10-31
1275,微信下载了打不开。,@微信安卓版,2017-10-31
1276,请你们赶快给我打开。,@微信安卓版,2017-10-31
1277,微信新版我下载不了，老是说安装包被破坏了，没法下载，为什么？,@微信安卓版,2017-10-31
1278,2011年，我用微信的时候几百万人口的城市不超过一百人玩微信。现在这么多人了，微信变了,@微信安卓版,2017-11-01
1279,怎么我的微信上没有附近的人,@微信安卓版,2017-11-01
1280,经常弹出更新提示，更新后不打开微信就硬是收不到信息，一点都不好。垃圾更新版本,@微信安卓版,2017-10-27
1281,现在我的微信朋友圈不能用亲亲谁知道咋办,@微信安卓版,2017-10-27
1282,更新后一堆问题低版本还不让用真是无语,@微信安卓版,2017-10-27
1283,其实还可以吧,@微信安卓版,2017-10-27
1284,垃圾玩意，登录那么麻烦。垃圾！垃圾！垃圾！,@微信安卓版,2017-10-27
1285,废物应用，你们都是瞎子吗？,@微信安卓版,2017-10-27
1286,微信最新版本不是6.5.19吗,@微信安卓版,2017-10-28
1287,微信干嘛要验证嘛,@微信安卓版,2017-10-28
1288,我无法下载，一键安装没反应！,@微信安卓版,2017-10-28
1289,为什么微信在桌面打不开,@微信安卓版,2017-10-28
1290,微信我爱你我在摇一摇找到爱,@微信安卓版,2017-10-28
1291,打开软件太慢了啊，,@微信安卓版,2017-10-28
1292,不能修改微信号，一点都不好,@微信安卓版,2017-10-28
1293,为什么手机打不开了,@微信安卓版,2017-10-28
1294,怎么桌面上看不到微信图标，已经下载了啊！,@微信安卓版,2017-10-28
1295,太不好了!,@微信安卓版,2017-10-28
1296,太难下！！！！！！,@微信安卓版,2017-10-28
1297,语音发不了，怎么办,@微信安卓版,2017-10-28
1298,编辑程序的人脑残，占用几百MB的空间。,@微信安卓版,2017-10-28
1299,为什么会自动不见,@微信安卓版,2017-10-28
1300,不知道好不好用，如果不好用就不要了。,@微信安卓版,2017-10-28
1301,"为什么没有,历史版本？",@微信安卓版,2017-10-28
1302,漂流瓶用不到附近的人也用不到以前漂流瓶不管头像放什么都是有人回复的 现在丢了无数个 半个回复都没有 上网查过了 很多要重载才行 附近的人以前开不到一分钟就有人加了 现在开了一小时都没人加 这不合理啊,@微信安卓版,2017-10-29
1303,好用好用，给力,@微信安卓版,2017-10-29
1304,有时候文字扫描不了，不好用,@微信安卓版,2017-10-29
1305,我的微信联网好慢啊，每秒几兆的网络在微信上看资料都会变成0.几k/s,@微信安卓版,2017-10-29
1306,挺好，就是有时候打不开,@微信安卓版,2017-10-29
1307,明明已经升级到最新版本了，他还说您的版本过低，,@微信安卓版,2017-10-29
1308,我的打开了真的,@微信安卓版,2017-10-29
1309,为什么登陆是他说不是最新版绑,@微信安卓版,2017-10-29
1310,我艹，打不开，而且常常被微信卡住手机,@微信安卓版,2017-10-29
1311,为何微信打不开,@微信安卓版,2017-10-29
1312,大神用起来很卡呀？？？？？？？大神用起来很卡呀？？？？？？？？？？？？做软件要小而精？？？？？精而赞。。。。。。。。不然会跑很多用户的？？？？？？？？？？？,@微信安卓版,2017-10-30
1313,最新版本总是卡顿没有之前的版本流畅！怎么回事，朋友们你们的微信卡顿吗？,@微信安卓版,2017-10-30
1314,视频不能停用，别人动不动就弹视频，烦死了,@微信安卓版,2017-10-30
1315,微信下载了。手机界面没有微信APP什么情况,@微信安卓版,2017-10-30
1316,来信息呼吸灯不亮来，360的手机,@微信安卓版,2017-10-30
1317,最新版下载了手机桌面没有，一直要在360手机助手中打开微信，这是什么鬼，烦人的,@微信安卓版,2017-10-30
1318,到快一点登录微信,@微信安卓版,2017-10-30
1319,方便和朋友沟通,@微信安卓版,2017-10-24
1320,为什么上不去微信,@微信安卓版,2017-10-24
1321,我要给他五个星,@微信安卓版,2017-10-25
1322,微信怎么打不开,@微信安卓版,2017-10-25
1323,星标功能不好使,@微信安卓版,2017-10-25
1324,刚更新了就上不去了，怎么回事？,@微信安卓版,2017-10-25
1325,为什么我微信修改不了个人信息,@微信安卓版,2017-10-25
1326,什么也没干    现在微信我也是  服啦,@微信安卓版,2017-10-25
1327,为什么要这样，我用新手机登陆却登陆不了，说要用久手机登陆微信扫描才能登陆用不用怎么麻烦，我的旧手机都坏了，你叫我怎么弄啊,@微信安卓版,2017-10-25
1328,给1星已经非常的不错了。如果可以。我一星都不想给。搞的什么破软件。刚刚恢复出厂设置。我登录不了了。原来我是直接手机号通过短信登录的，没有用手机注册过。现在通过手机登录是要旧手机扫描二维码才能登录？,@微信安卓版,2017-10-25
1329,我为什么打不开微信,@微信安卓版,2017-10-26
1330,下载了点不开,@微信安卓版,2017-10-26
1331,体验极差，明明密码正确，却说我错误,@微信安卓版,2017-10-26
1332,垃圾软件，密码正确都说错，早删早好，垃圾维修,@微信安卓版,2017-10-26
1333,头像和QQ加友。怎么了。,@微信安卓版,2017-10-27
1334,我微信为什么登不上,@微信安卓版,2017-10-27
1335,为什么？零钱明细不可以删掉,@微信安卓版,2017-10-27
1336,为什么老是闪退,@微信安卓版,2017-10-27
1337,更新后的微信一点都不好朋友圈都不见了,@微信安卓版,2017-10-27
1338,打不开乐怎么回事,@微信安卓版,2017-10-24
1339,微信打不开怎么办？,@微信安卓版,2017-10-24
1340,很好，但是我是希望微信更新的版本，那个红包，还要转账发出后可以收回，希望可以,@微信安卓版,2017-10-24
1341,怎么打不开啊,@微信安卓版,2017-10-24
1342,什么垃圾啊？登都登不了！,@微信安卓版,2017-10-24
1343,哈哈哈哈，很好,@微信安卓版,2017-10-24
1344,一颗星都不想给，太差劲了，早点倒闭早点好,@微信安卓版,2017-10-22
1345,在微信上申请个收款码 太麻烦了简直不如某宝，某宝申请收款码简单方便价格合理，微信2维码扫描灵敏度更差了,@微信安卓版,2017-10-22
1346,找不原来的密码？现在可以用新的密码a|23456：,@微信安卓版,2017-10-23
1347,微信怎么没了通讯录助手？,@微信安卓版,2017-10-23
1348,6.5.16安装包解析不了啊，,@微信安卓版,2017-10-23
1349,6.5版本要求手机系统太高 为了微信还要换手机不值,@微信安卓版,2017-10-23
1350,我的微信为什么没放到桌面上,@微信安卓版,2017-10-23
1351,我的微信为什么会自动退出？,@微信安卓版,2017-10-23
1352,不能按着说话？？？,@微信安卓版,2017-10-22
1353,我下载了微信怎么添加不到手机桌面上呢,@微信安卓版,2017-10-22
1354,谁说打不开是你们手机有问题吧,@微信安卓版,2017-10-22
1355,为什么我的没有微信支付,@微信安卓版,2017-10-22
1356,打不开了60,@微信安卓版,2017-10-22
1357,为什么今天不能打开了，图标也没有了。,@微信安卓版,2017-10-22
1358,怎么用QQ登录不了？,@微信安卓版,2017-10-22
1359,用这款微信挺好用的,@微信安卓版,2017-10-22
1360,这个应用特别好,@微信安卓版,2017-10-22
1361,他N不入说要更新了。,@微信安卓版,2017-10-22
1362,我下载并安装了微信，可在手机桌面看不到图标啊？,@微信安卓版,2017-10-22
1363,抢不了红包，一点开就弹,@微信安卓版,2017-10-22
1364,用不了，手机解析不了，用不上，没办法注册，太可惜了，系统解析不了4.2版本及以上的,@微信安卓版,2017-10-22
1365,安卓4.1.2用不了，太悲催了，要求系统太高，不支持低配，太霸道,@微信安卓版,2017-10-22
1366,升级版微信不是说笑的，超级垃圾！！这是要淘汰掉一大批苹果5S的节奏？ 更新版的微信都下载不了的！弄得手机都卡到不行，垃圾！,@微信安卓版,2017-10-20
1367,为什么微信不能添加人？发送失败怎么回事？,@微信安卓版,2017-10-20
1368,不错，挺好的,@微信安卓版,2017-10-20
1369,你妈卖批。非tmd说。密码错误，密码错误。难道老子记错了吗？连一个心都不想给。,@微信安卓版,2017-10-20
1370,怎么不能更新，现在发部新板本吗？,@微信安卓版,2017-10-20
1371,有时候收不到信息通知,@微信安卓版,2017-10-20
1372,反复下载 反复安装  就是安装不了    差评,@微信安卓版,2017-10-20
1373,听说双击可以，取消点赞。,@微信安卓版,2017-10-20
1374,我的也闪退，还有就是现在签名好像没有啦。,@微信安卓版,2017-10-20
1375,删除重新下载以后，微信上保存的图片，相册里不显示。无法进行上传。,@微信安卓版,2017-10-20
1376,微信应该有个能查询是买瘪三天天举报人家的功能，他妈的最近老是被人举报，艹，不就是多发了几个红包，把微信里的钱转到支付宝里了吗，至于这么兑老子吗！,@微信安卓版,2017-10-20
1377,什么鬼?要用微信扫描二维码才能登陆!都没登陆怎么用微信扫二维码?,@微信安卓版,2017-10-21
1378,完蛋了!无法登陆!要用微信扫二维码才能登陆!都没登陆进去怎么用微信扫二维码?尼码害到老子了!老子要用微信买彩票!,@微信安卓版,2017-10-21
1379,录音话筒被权限怎么办？,@微信安卓版,2017-10-21
1380,唉，还不如QQ好玩，只有普通字体和气泡，如果在更新到QQ那样，我们都会喜欢玩的,@微信安卓版,2017-10-21
1381,一颗心都不想给，辣鸡,@微信安卓版,2017-10-21
1382,怎么下载不起呢,@微信安卓版,2017-10-21
1383,我加不了好友,@微信安卓版,2017-10-21
1384,为何删除的好友能够不经本人同意，能够重新单方面添加我为好友,@微信安卓版,2017-10-21
1385,我要重新申请微信号,@微信安卓版,2017-10-21
1386,我的手，机很好,@微信安卓版,2017-10-21
1387,声音所在哪？,@微信安卓版,2017-10-21
1388,我的微信为什么添加不了朋友,@微信安卓版,2017-10-21
1389,垃圾|西，修改^像，昵Q等功能，天天So你逼。,@微信安卓版,2017-10-21
1390,给自己点个赞，超过那些没赞的人,@微信安卓版,2017-10-21
1391,为什么安装不上去?,@微信安卓版,2017-10-18
1392,什么呀，总是闪退，消息都收不全，卸载，太生气了,@微信安卓版,2017-10-19
1393,我的不知是没人发微信，还是收不到。90分。,@微信安卓版,2017-10-19
1394,华为P7 朋友圈发的小视频一点开不是黑屏就是死机  上个版本还没这破毛病呢！,@微信安卓版,2017-10-19
1395,微信新版本登不上！我要投诉！非要说我密码错误！TMD老子的密码老子不记得，难道你记得！？垃圾软件！,@微信安卓版,2017-10-19
1396,现在根本打不开了，垃圾软件,@微信安卓版,2017-10-19
1397,垃圾死了。妈的还花了20块钱,@微信安卓版,2017-10-19
1398,注册新账号，注册不了，版本太低,@微信安卓版,2017-10-18
1399,我的微信停止运行是怎么回事,@微信安卓版,2017-10-18
1400,艹我微信里得钱认证过了还是没法用绑定一次又一次怎么了我得钱还不让我自己用了是吧辣鸡软件,@微信安卓版,2017-10-18
1401,下载速度真快，特别好用,@微信安卓版,2017-10-18
1402,笑笑米儿200,@微信安卓版,2017-10-18
1403,现在怎么不可以设置拒绝语聊和视频了？,@微信安卓版,2017-10-14
1404,不好用了期待轻聊版微信,@微信安卓版,2017-10-15
1405,卡的要死！鄙视！,@微信安卓版,2017-10-15
1406,为什么红包抢不成,@微信安卓版,2017-10-15
1407,还行，内存有点大,@微信安卓版,2017-10-15
1408,卡的要死，搜索的公众号都点不进去,@微信安卓版,2017-10-15
1409,打不开233,@微信安卓版,2017-10-15
1410,垃圾啊，登陆不了,@微信安卓版,2017-10-15
1411,回到家大家你到家大家觉得就到家发奖金就放假度假就地解决额低能那就觉得咖啡牛奶,@微信安卓版,2017-10-15
1412,为什么我加不上附近人呢,@微信安卓版,2017-10-16
1413,玛德一个破微信现在咋不可以解绑手机号了，垃圾差评，很不方便唉,@微信安卓版,2017-10-16
1414,我的微信打不开？,@微信安卓版,2017-10-16
1415,太低，打不开。,@微信安卓版,2017-10-16
1416,为什么我微信下载好了，却打不开,@微信安卓版,2017-10-16
1417,没显示在手机上，很奇怪，一星差评。,@微信安卓版,2017-10-16
1418,什么是标本过低,@微信安卓版,2017-10-16
1419,三星n5100微信不能用扫一扫 一扫就自动关机 其他功能正常,@微信安卓版,2017-10-16
1420,95折充Q币被腾讯吃了啊,@微信安卓版,2017-10-16
1421,为什么搜不到公众号？？？,@微信安卓版,2017-10-17
1422,为什么没有通讯录功能了？,@微信安卓版,2017-10-17
1423,设置里面通用功能的通讯录怎么没有了,@微信安卓版,2017-10-17
1424,呵呵，隐私功能，微信做大了也开始耍流氓了，P民斗不过你们大公司，用个软件都玩强制,@微信安卓版,2017-10-17
1425,新版本，太卡了，先别用了，用了就后悔！,@微信安卓版,2017-10-17
1426,好好好好好好好好好好好好好好,@微信安卓版,2017-10-13
1427,重要的事情说三遍：不要下载，不要下载，不要下载,@微信安卓版,2017-10-13
1428,微信拍照不能用了,@微信安卓版,2017-10-13
1429,为什么总是要重新登录,@微信安卓版,2017-10-13
1430,我给她评四星。95分,@微信安卓版,2017-10-14
1431,还可以就是没有以前的顺手。,@微信安卓版,2017-10-14
1432,很好，。？！,@微信安卓版,2017-10-14
1433,日，更新完好几个emoji没了,@微信安卓版,2017-10-14
1434,非常好，可以聊天,@微信安卓版,2017-10-14
1435,妥妥的差评，，还要身份验证，还一直不成功，垃圾,@微信安卓版,2017-10-14
1436,谁能给我微信钱,@微信安卓版,2017-10-14
1437,不好，登陆了又要登陆。,@微信安卓版,2017-10-14
1438,一个聊天软件，占那么大内存，想干嘛,@微信安卓版,2017-10-14
1439,不给一星不让评论，去升级版2.4走了好多年了，繁衍了一堆杂碎，子孙后代再也没有良心可言了,@微信安卓版,2017-10-14
1440,越做越大   垃圾功能越来越多,@微信安卓版,2017-10-14
1441,为什么呢？无法下载呢！,@微信安卓版,2017-10-11
1442,微信功能真不e，可以@取好多生活信息，微信公每天都能o我新的|西，前商礻P注了一，名字叫服b搭配2017，I衣服就方便多啦，以前不知道怎N搭配，Wj上的方案又不知道上哪嘿I，@公全解Q了，每天都有搭配方案，l送文章就可以@取淘天I接列表。p松F穿衣搭配,@微信安卓版,2017-10-12
1443,为啥登这么难？,@微信安卓版,2017-10-13
1444,为什么安装不了？下载后安装未安装！,@微信安卓版,2017-10-13
1445,真的令人智熄,@微信安卓版,2017-10-13
1446,我微信为什么经常上不了？,@微信安卓版,2017-10-13
1447,今天微信打不开是怎么回事？,@微信安卓版,2017-10-13
1448,为什么清理内存后  再进去就说我是新机？  还说要验证？   关键他妈我无法扫二维码！    系统真垃圾  可以一星不给  绝对不给一星,@微信安卓版,2017-10-13
1449,最新版本可以发送文件嘛,@微信安卓版,2017-10-10
1450,我的微信为什么登不上了,@微信安卓版,2017-10-11
1451,微信严格了没哪么好注册了,@微信安卓版,2017-10-11
1452,"360n5,微信没有指纹支付功能！",@微信安卓版,2017-10-11
1453,360n5没有指纹支付功能,@微信安卓版,2017-10-11
1454,连注册都注册不了,@微信安卓版,2017-10-11
1455,为什么微信号与密码正确却不能登录呢？求解！,@微信安卓版,2017-10-11
1456,差评，。。最不好的就是不能第二次修改微信号。。。,@微信安卓版,2017-10-11
1457,为什么上不了微信,@微信安卓版,2017-10-11
1458,一星都不想给，我注册个号在其他手机上既然登不起，而且必须要最新版本的才能注册其他。。。反正就是差，不要下载了。。差掉渣,@微信安卓版,2017-10-11
1459,我的微信上不去,@微信安卓版,2017-10-07
1460,我的微信下载了，可是安装了，却打不开，怎么回事,@微信安卓版,2017-10-07
1461,有兴趣的看小说的请下载汤圆创作，搜索乔WW的《七月，我刚好遇见你》评论或打赏都可以。谢谢，不喜勿喷,@微信安卓版,2017-10-08
1462,为什么我的没有查看附近人,@微信安卓版,2017-10-08
1463,为什么有时打不开，求救,@微信安卓版,2017-10-08
1464,我的微信为什么打不开呀？,@微信安卓版,2017-10-08
1465,这逼货太占空间了。果断卸载。什么鸟人开发的？,@微信安卓版,2017-10-08
1466,微信很方便使用，交友，联系缺少不了。,@微信安卓版,2017-10-08
1467,微信是个很好的软件,@微信安卓版,2017-10-08
1468,听说有bug，不敢随便更新了,@微信安卓版,2017-10-08
1469,虽然很支持，就是我的360F5手机有指纹，弄不得指纹支付！,@微信安卓版,2017-10-09
1470,新登陆微信，要用户同意被收集个人信息。不然不让上微信！当回360吧！,@微信安卓版,2017-10-09
1471,登一次微信我要骂一次娘。输入密码，验证码，QQ登录，到最后都要扫码登录，我去，微信都登不进去，还要微信扫码，你妹啊，什么都要扫码，你妹，，你告诉我，要怎么扫码登录？都进不去，要怎么扫码？微信做得最成功的地方就是让所有的人和事都接受它，没了它还不行，,@微信安卓版,2017-10-09
1472,更新后，指纹支付没了....(小米6),@微信安卓版,2017-10-09
1473,微信更新了和没更新一样，有什么区别吗,@微信安卓版,2017-10-09
1474,微信在桌面消失了,@微信安卓版,2017-10-09
1475,卸载后再安装，就登录不了了，哪位大神能指教下，谢谢,@微信安卓版,2017-10-09
1476,我的微信上去收消息 指示灯不亮,@微信安卓版,2017-10-09
1477,我要解开微信，真的，,@微信安卓版,2017-10-09
1478,不支持指纹支付,@微信安卓版,2017-10-10
1479,9457 3@                                                                             llllo8p9ops0pooo,@微信安卓版,2017-10-10
1480,看见你们的昵称也是够了！,@微信安卓版,2017-10-09
1481,↑，伽剪头，红包卦，埋雷排雷，最佳手气不抢最小，牛牛，麻将卦,@微信安卓版,2017-10-08
1482,大伙，谁知道微信验证码是多少。收到请回答。,@微信安卓版,2017-10-06
1483,怎么也安装不上微信,@微信安卓版,2017-10-06
1484,我的微信版本为和不能升级，为什么,@微信安卓版,2017-10-06
1485,无线网连接微信频时繁出现无法连接服务器,@微信安卓版,2017-10-06
1486,微信不能支付,@微信安卓版,2017-10-07
1487,为什么我进不了啊？,@微信安卓版,2017-10-07
1488,我的微信为什么打不开？,@微信安卓版,2017-10-07
1489,微信怎样解除休眠状态。,@微信安卓版,2017-10-07
1490,不想说什么了,@微信安卓版,2017-10-07
1491,他吞吞吐吐跳跳糖,@微信安卓版,2017-10-07
1492,我下了微信非让我更新又更新不了,@微信安卓版,2017-10-05
1493,妈卖批，老子登个唱吧就封号,@微信安卓版,2017-10-05
1494,为什么视频看不了呢？,@微信安卓版,2017-10-05
1495,尼玛，系统尼玛,@微信安卓版,2017-10-05
1496,怎么打不开呀！,@微信安卓版,2017-10-05
1497,太差了，别人都没有停用我却停用了，太差了。,@微信安卓版,2017-10-06
1498,微信很好用实用应用，真的是“三用”软件！！！,@微信安卓版,2017-10-06
1499,本来我要去baby家的，可是现在跟她聊好多啦。,@微信安卓版,2017-10-06
1500,需要美白牙齿的加我微信 BYX51920     只要不是假牙都有效，无效退款，谢谢,@微信其他版,2017-04-19
1501,好的,@微信其他版,2017-04-15
1502,电脑怎么下微信呢,@微信其他版,2016-11-02
1503,诺基亚的为什么下栽不了呢,@微信其他版,2016-10-28
1504,没的下,@微信其他版,2016-10-17
1505,下载到收藏夹为什么安装不上,@微信其他版,2016-10-11
1506,为什么下载不了微信？,@微信其他版,2016-09-26
1507,为什么我下载不了?,@微信其他版,2016-09-26
1508,为什么我手机不起微信和电视,@微信其他版,2016-09-25
1509,电脑为什么不能下载微信？？？？,@微信其他版,2016-07-18
1510,电脑为什么不能下载微信,@微信其他版,2016-07-18
1511,为什么打不开,@微信其他版,2016-06-11
1512,为什么诺基亚手机不支持下载,@微信其他版,2016-06-10
1513,为什么打不开!,@微信其他版,2016-06-10
1514,为什么打不开!,@微信其他版,2016-06-10
1515,为什么不支持下载,@微信其他版,2016-06-08
1516,为什么打不开,@微信其他版,2016-06-04
1517,你好,@微信安卓版,2016-05-28
1518,为什么打不开,@微信其他版,2016-05-23
1519,选择其他下载,@微信其他版,2016-05-14
1520,宏t,@微信安卓版,2016-05-12
1521,荷郊t,@微信安卓版,2016-05-12
1522,为什么不支持下载,@微信其他版,2016-05-10
1523,怎么下次不了,@微信其他版,2016-04-29
1524,乱七八糟的，下载后登不了。说你的帐号在其他设备上登录,@微信其他版,2016-04-21
1525,这个微信不能用,@微信其他版,2016-04-13
1526,meinin,@微信其他版,2016-04-12
1527,请求加入微信,@微信安卓版,2016-03-28
1528,真的不能用，我想重新下载,@微信其他版,2015-03-21
1529,upp[;pi;n[oi[pio,@微信其他版,2015-03-14
1530,版本太低 该有的功能都没有。版本等级太低了,@微信其他版,2015-03-13
1531,怎么不能用啊，,@微信其他版,2015-03-11
1532,不能用 用不了啊，各位亲，总是提示在别的手机登录,@微信其他版,2015-03-03
1533,提示安装失败,@微信其他版,2015-02-25
1534,不能用 用不了啊，各位亲，总是提示在别的手机登录,@微信其他版,2015-02-24
1535,提示版本太低根本登不上,@微信其他版,2015-02-21
1536,扫二维码看不到视频，上网不能接收红包也不能发，功能不全，版本升不了级,@微信其他版,2015-02-20
1537,很好,@微信其他版,2015-02-14
1538,怎么无法安装啊 擦,@微信其他版,2015-02-09
1539,版本太低 该有的功能都没有。版本等级太低了,@微信其他版,2015-01-14
1540,亲啊，为什么用上你我感觉挺不舒服的,@微信其他版,2015-01-13
1541,打不开呀！急人。,@微信其他版,2015-01-09
1542,下载了  就是安装不鸟,@微信其他版,2015-01-04
1543,很好，很适合我们用，给了我很多方便的机会，给九分吧,@微信其他版,2014-12-14
1544,用不了，总是提示在别的手机登录，,@微信其他版,2014-12-08
1545,怎么是ＱＱ？不是微信啊,@微信其他版,2014-12-03
1546,不能用啊，总是说已经在别的手机登陆了,@微信其他版,2014-10-23
1547,不支持的软件，请不要下。,@微信其他版,2014-10-19
1548,好像是不能用,@微信其他版,2014-09-27
1549,E63安装部上微信了,@微信其他版,2014-09-18
1550,我喜欢玩微信,@微信其他版,2014-09-11
1551,安装不了？？,@微信其他版,2014-09-09
1552,"根本不能登录,提示:交15元/月或网络忙",@微信其他版,2014-09-08
1553,版本太低。需要更新下载,@微信其他版,2014-08-23
1554,不能用 用不了啊，各位亲，总是提示在别的手机登录,@微信其他版,2014-08-22
1555,完全打不开用不了,@微信其他版,2014-08-09
1556,坑爹坑爹坑爹坑爹,@微信其他版,2014-08-08
1557,不给力啊，上来提示无法使用是否删除！,@微信其他版,2014-08-04
1558,用不了啊亲，大虾解决下。。。。。,@微信其他版,2014-08-02
1559,安装不了，就是下载到了手机，而且就是安装不上。,@微信其他版,2014-07-30
1560,总是提示在别的手机登录咋会事,@微信其他版,2014-07-28
1561,看不到纯文字的说说,@微信其他版,2014-07-27
1562,完全用不了 提示别的手机登录，要么提示服务器繁忙,@微信其他版,2014-07-09
1563,无法使用，太麻烦了,@微信其他版,2014-07-05
1564,版本低无法使用,@微信其他版,2014-07-02
1565,太而新了  怎么良知都那里去了,@微信其他版,2014-06-30
1566,试试事实上事实上事实上,@微信其他版,2014-06-26
1567,不能用 用不了啊，各位亲，总是提示在别的手机登录,@微信其他版,2014-06-09
1568,歪 每次都要登录不好用,@微信其他版,2014-06-07
1569,根本打不开，永远停止在地球图标 坑爹呀!,@微信其他版,2014-06-03
1570,安装后老说其他地方登陆・・,@微信其他版,2014-06-02
1571,用诺基亚5800安装之后，老是说你的账号已在其他地方登陆，试了几个账号都不行，没有用,@微信其他版,2014-06-02
1572,安装不上！,@微信其他版,2014-06-02
1573,网速 速度还可以,@微信其他版,2014-06-02
1574,版本太低 该有的功能都没有。版本等级太低了,@微信其他版,2014-06-01
1575,老是说你的账号已在其他地方登陆，试了几个账号都不行，没有用！！,@微信其他版,2014-05-30
1576,无聊 根本上不了,@微信其他版,2014-05-30
1577,版本太旧了 如题,@微信其他版,2014-05-30
1578,方法顶顶顶顶顶顶顶顶,@微信其他版,2014-05-25
1579,开心 还不错，就是进入的时候有点麻烦。,@微信其他版,2014-05-25
1580,要淘汰了 版本太低，功能太少。不改进要出局了,@微信其他版,2014-05-24
1581,升级升级 什么时候升机啊，版本太低,@微信其他版,2014-05-24
1582,好的 好用,@微信其他版,2014-05-22
1583,怎么电脑下载不到啊,@微信其他版,2014-05-17
1584,坑爹吧，登不上说你登录在别的手机上 差劲,@微信其他版,2014-05-16
1585,版本不高 没有朋友圈不好玩。,@微信其他版,2014-05-16
1586,E63微信 为什么我的微信按装失败,@微信其他版,2014-05-15
1587,更新吧，在其他手机上登录过，就不能再次登录了， 太不智能了，什么呀,@微信其他版,2014-05-13
1588,不能发朋友圈？ 不能发也不能转发,@微信其他版,2014-05-12
1589,不能转发 不能转发,@微信其他版,2014-05-12
1590,版本太低 版本太低了，微信里的游戏一个都玩不了，朋友圈里的信息还不能转发,@微信其他版,2014-05-12
1591,慢死1090000000,@微信其他版,2014-05-11
1592,好的软件 很好用，很喜欢 很好用，喜欢,@微信其他版,2014-05-11
1593,微信版本低爆了，连个游戏都玩不了，汗 汗!!!!!!!!!!!!!!,@微信其他版,2014-05-10
1594,不错，真的很好用 很好用,@微信其他版,2014-05-09
1595,谁有地址下载新版的 谁有地址，方法下载新版的,@微信其他版,2014-05-06
1596,还可以 还行，提示升级。,@微信其他版,2014-05-04
1597,还行吧 还行吧！,@微信其他版,2014-05-03
1598,不好 太拉圾了，给可以更新下，更新到5.1,@微信其他版,2014-05-01
1599,不太好用 版本太低,@微信其他版,2014-05-01
1600,安装上了，谢谢,@微信其他版,2014-04-30
1601,无语了 无语了,@微信其他版,2014-04-30
1602,微信 版本实在太低了,@微信其他版,2014-04-30
1603,不好 版本太底用不成,@微信其他版,2014-04-29
1604,破玩意用不了 浪费我流量,@微信其他版,2014-04-29
1605,不好用 不好用,@微信其他版,2014-04-28
1606,差 上不了微信o_,@微信其他版,2014-04-27
1607,安装失败 微信总是安装失败呢？什么原因,@微信其他版,2014-04-26
1608,"无语 说的是我的账号在另一个手机上登录。



根本就是登不起嘛！



没用",@微信其他版,2014-04-26
1609,我的Ｃ６－００可以安装，第一次用，慢慢熟悉,@微信其他版,2014-04-25
1610,不是新版的 不行啊,@微信其他版,2014-04-25
1611,不能下载？ 为啥不能下载来？,@微信其他版,2014-04-25
1612,登不上 之前还能用的，最近突然登陆不上了，怎么回事啊？,@微信其他版,2014-04-24
1613,上不去 下载完了上不去。说网络繁忙,@微信其他版,2014-04-24
1614,升级 没有视频、怎么转发,@微信其他版,2014-04-23
1615,好的很 好的很那,@微信其他版,2014-04-23
1616,怎么截图啊,@微信其他版,2014-04-22
1617,不好意思 用不了,@微信其他版,2014-04-22
1618,微信得 为什么不能用啊,@微信其他版,2014-04-22
1619,版本太老，要求更新 版本太老了，请及时更新啊，不想丢弃诺基亚啊,@微信其他版,2014-04-22
1620,微信好 真好用,@微信其他版,2014-04-22
1621,安不起 安不起,@微信其他版,2014-04-22
1622,安不了.骗人的.不知下了什么东东,@微信其他版,2014-04-21
1623,完了好 还可以,@微信其他版,2014-04-21
1624,太坑了，版不兼容，上不去微信了 太坑人了,@微信其他版,2014-04-21
1625,登录不了 完全登录不了,@微信其他版,2014-04-21
1626,不能装，HY人的！！！,@微信其他版,2014-04-20
1627,怎么回事？ 不能安装。。,@微信其他版,2014-04-20
1628,坏会议 有时候安装不了,@微信其他版,2014-04-20
1629,太慢了下载 太慢了,@微信其他版,2014-04-19
1630,差 马蛋 版本能再旧点吗？根本上不了好嘛,@微信其他版,2014-04-19
1631,？？为什么不能下载微信 呜呜？？？？,@微信其他版,2014-04-18
1632,安不起 哪个版本的可以安装啊,@微信其他版,2014-04-17
1633,版本底 没用,@微信其他版,2014-04-17
1634,。。。。 不能用,@微信其他版,2014-04-17
1635,总是安装失败 为什么总是安装失败？,@微信其他版,2014-04-16
1636,郁闷死了 以前能下载现在为什不能下载了,@微信其他版,2014-04-16
1637,体验结果有效 不错的用户体验,@微信其他版,2014-04-15
1638,安装失败了！ 有没有零颗星？,@微信其他版,2014-04-15
1639,很好！ 真的很好！,@微信其他版,2014-04-14
1640,使用正常，不会下载失败啊？！ 感觉还不错。,@微信其他版,2014-04-14
1641,好好好 非常好用的工具,@微信其他版,2014-04-14
1642,不行事 不能够,@微信其他版,2014-04-13
1643,不好 朋友圈呢？,@微信其他版,2014-04-13
1644,更新不得新的版本 微信都更新不得,@微信其他版,2014-04-13
1645,不好 老是显示你的帐号已经在别人手机登录,@微信其他版,2014-04-12
1646,为什么安装不了啊,@微信其他版,2014-04-10
1647,不能视频。有时也范卡 。为什么不更新 难用 特难用,@微信其他版,2014-04-10
1648,E66 凑合着也能用，一般般,@微信其他版,2014-04-10
1649,不好 总是安装不成功,@微信其他版,2014-04-09
1650,不错哦 挺不错的,@微信其他版,2014-04-09
1651,不能升级 启动后提示升级，但是根本不能升级。别费劲下载啦，骗你玩的。,@微信其他版,2014-04-08
1652,版本太低，转发都不能 .版本太低，连转发都不能,@微信其他版,2014-04-07
1653,"怎么进不去微信啊！ 就近还是网

络差吗？",@微信其他版,2014-04-06
1654,不怎么好。 点了注册，不知密码。,@微信其他版,2014-04-06
1655,微信就是好呀 微信就是好好呀,@微信其他版,2014-04-06
1656,Qwert 版本太低,@微信其他版,2014-04-06
1657,等壹份胺稳 微信，好玩,@微信其他版,2014-04-06
1658,怎么不能下载 怎么不能下载,@微信其他版,2014-04-05
1659,麻尼啥东西，烂货,@微信其他版,2014-04-04
1660,无法运用软件 为什么我的一直显示登录界面，无法进入,@微信其他版,2014-04-04
1661,拉机 上不去,@微信其他版,2014-04-04
1662,进来卡 什么玩的卡死了吗 生不了级,@微信其他版,2014-04-04
1663,这个版本可以玩酷跑吗 能玩酷跑吗,@微信其他版,2014-04-03
1664,打不开 打不开，下载安装完了,@微信其他版,2014-04-03
1665,升级 不能升级？,@微信其他版,2014-04-02
1666,不能用 不能用,@微信其他版,2014-04-02
1667,更新 为什么更新不了？,@微信其他版,2014-04-02
1668,微信 太差，下载安装以后老说版本太低，升级不上最差,@微信其他版,2014-04-01
1669,支持下诺基亚 刚下载，还没登录成功。先给三颗星，感觉不错！,@微信其他版,2014-04-01
1670,sss 快点下载！,@微信其他版,2014-04-01
1671,无法使用呀，为啥呢,@微信其他版,2014-03-31
1672,为什么不能下 为什么不能下,@微信其他版,2014-03-31
1673,打不开 版本太低，无法分享。,@微信其他版,2014-03-31
1674,这版本太低了 这版本太低了,@微信其他版,2014-03-31
1675,为什么安装不了,@微信其他版,2014-03-30
1676,这个微信打不开的？ 为什么这个微信打不开了！,@微信其他版,2014-03-30
1677,用不了 怎么不能用,@微信其他版,2014-03-29
1678,不好啊 不好，卸载了就装不上了,@微信其他版,2014-03-29
1679,*下载完了安装不了？ 下载完了安装不了？,@微信其他版,2014-03-29
1680,无法安装啊,@微信其他版,2014-03-28
1681,不可以 我怎么就不可以用呢,@微信其他版,2014-03-28
1682,可以接受 虽然麻烦点但还是可以登录,@微信其他版,2014-03-28
1683,不想给星 什么破软件，没一款好的,@微信其他版,2014-03-27
1684,登录不上 怎么老是服务器繁忙，等也登不上，骗人的吗？我都快要内伤了！,@微信其他版,2014-03-26
1685,完美下载 但是咋就升级不到最新版本呢？,@微信其他版,2014-03-26
1686,为什么我的手机上不了微信也更新不了老说版本低。为什 为什么？微信老是更新不了，老说版本低。,@微信其他版,2014-03-26
